<?xml version="1.0" encoding="UTF-8"?>
<con:soapui-project id="b4b1a8b0-5641-4aa6-ab2e-5ec7a7024264" activeEnvironment="Default" name="crc-docportal" resourceRoot="" soapui-version="5.6.0" xmlns:con="http://eviware.com/soapui/config"><con:settings/><con:testSuite id="7ef3aef5-21c5-4697-a465-73a081950b1e" name="TS /LitigationServlet"><con:settings/><con:runType>SEQUENTIAL</con:runType><con:testCase id="d8b0416d-566d-4dbd-ba41-36af6ebbddfb" failOnError="true" failTestCaseOnErrors="true" keepSession="false" maxResults="0" name="TC litigationNaturalPerson" searchProperties="true"><con:settings/><con:testStep type="httprequest" name="HTTP Request" id="61799bff-7244-44cd-989b-8ac455671147"><con:settings/><con:config method="POST" xsi:type="con:HttpRequest" id="af662695-40cf-42dd-a47b-dd2ebbca4987" name="HTTP Request" postQueryString="false" mediaType="application/xml" xmlns:xsi="http://www.w3.org/2001/XMLSchema-instance"><con:settings><con:setting id="com.eviware.soapui.impl.wsdl.WsdlRequest@request-headers">&lt;xml-fragment/></con:setting></con:settings><con:endpoint>http://localhost:5580/docportal-facade/LitigationServlet</con:endpoint><con:request/><con:credentials><con:authType>No Authorization</con:authType></con:credentials><con:jmsConfig JMSDeliveryMode="PERSISTENT"/><con:jmsPropertyConfig/><con:parameters><con:parameter><con:name>operation</con:name><con:value>litigationNaturalPerson</con:value><con:style>QUERY</con:style></con:parameter><con:parameter><con:name>litigationNo</con:name><con:value>1234567890</con:value><con:style>QUERY</con:style></con:parameter><con:parameter><con:name>litigationAidaId</con:name><con:value>1234567890</con:value><con:style>QUERY</con:style></con:parameter><con:parameter><con:name>litigationTopic</con:name><con:value>TOPIC</con:value><con:style>QUERY</con:style></con:parameter><con:parameter><con:name>litigationFileLink</con:name><con:value>LINK</con:value><con:style>QUERY</con:style></con:parameter><con:parameter><con:name>applicantNaturalPersonName</con:name><con:value>IVAN IVANOV</con:value><con:style>QUERY</con:style></con:parameter><con:parameter><con:name>applicantNaturalPersonEmail</con:name><con:value>iivanov@abv.bg</con:value><con:style>QUERY</con:style></con:parameter><con:parameter><con:name>applicantNaturalPersonAddress</con:name><con:value>sofia, mladost 3, 325, b, 17</con:value><con:style>QUERY</con:style></con:parameter><con:parameter><con:name>enterpriseName</con:name><con:value>AAA OOD</con:value><con:style>QUERY</con:style></con:parameter><con:parameter><con:name>enterpriseEik</con:name><con:value>123456789</con:value><con:style>QUERY</con:style></con:parameter></con:parameters></con:config></con:testStep><con:properties/></con:testCase><con:properties/></con:testSuite><con:properties/><con:wssContainer/><con:oAuth2ProfileContainer/><con:oAuth1ProfileContainer/><con:sensitiveInformation/></con:soapui-project>