<?xml version="1.0" encoding="UTF-8"?> 
<ROWSET>
    <CO_REQUESTS>
        <TABLE_DESCRIPTION>Заявление</TABLE_DESCRIPTION>
        <TABLE_ROW>
            <ID>
                <COLUMN_DESCRIPTION></COLUMN_DESCRIPTION>
                <COLUMN_DATA_TYPE>NUMBER</COLUMN_DATA_TYPE>
                <COLUMN_VALUE>3066</COLUMN_VALUE>
            </ID>
            <VHOD_NO>
                <COLUMN_DESCRIPTION>Входящ номер</COLUMN_DESCRIPTION>
                <COLUMN_DATA_TYPE>VARCHAR2</COLUMN_DATA_TYPE>
                <COLUMN_VALUE></COLUMN_VALUE>
            </VHOD_NO>
            <VHOD_DATE>
                <COLUMN_DESCRIPTION>От дата</COLUMN_DESCRIPTION>
                <COLUMN_DATA_TYPE>DATE</COLUMN_DATA_TYPE>
                <COLUMN_VALUE>28.10.2010 00:00:00</COLUMN_VALUE>
            </VHOD_DATE>
            <PAYMENT_FLAG>
                <COLUMN_DESCRIPTION>Платени такси</COLUMN_DESCRIPTION>
                <COLUMN_DATA_TYPE>NUMBER</COLUMN_DATA_TYPE>
                <COLUMN_VALUE>0</COLUMN_VALUE>
            </PAYMENT_FLAG>
            <PERIOD_USE>
                <COLUMN_DESCRIPTION>Желан срок за ползване</COLUMN_DESCRIPTION>
                <COLUMN_DATA_TYPE>VARCHAR2</COLUMN_DATA_TYPE>
                <COLUMN_VALUE>deset</COLUMN_VALUE>
            </PERIOD_USE>
            <OTHER_USE>
                <COLUMN_DESCRIPTION>Други</COLUMN_DESCRIPTION>
                <COLUMN_DATA_TYPE>VARCHAR2</COLUMN_DATA_TYPE>
                <COLUMN_VALUE>drugi</COLUMN_VALUE>
            </OTHER_USE>
            <VER_DATE_FROM>
                <COLUMN_DESCRIPTION>Версия - от дата</COLUMN_DESCRIPTION>
                <COLUMN_DATA_TYPE>DATE</COLUMN_DATA_TYPE>
                <COLUMN_VALUE>28.10.2010 00:00:00</COLUMN_VALUE>
            </VER_DATE_FROM>
            <VER_DATE_TO>
                <COLUMN_DESCRIPTION>Версия - до дата</COLUMN_DESCRIPTION>
                <COLUMN_DATA_TYPE>DATE</COLUMN_DATA_TYPE>
                <COLUMN_VALUE></COLUMN_VALUE>
            </VER_DATE_TO>
            <USER_CREATED>
                <COLUMN_DESCRIPTION>Създадено от</COLUMN_DESCRIPTION>
                <COLUMN_DATA_TYPE>VARCHAR2</COLUMN_DATA_TYPE>
                <COLUMN_VALUE></COLUMN_VALUE>
            </USER_CREATED>
            <DATE_CREATED>
                <COLUMN_DESCRIPTION>Дата на създаване</COLUMN_DESCRIPTION>
                <COLUMN_DATA_TYPE>DATE</COLUMN_DATA_TYPE>
                <COLUMN_VALUE></COLUMN_VALUE>
            </DATE_CREATED>
            <USER_UPDATED>
                <COLUMN_DESCRIPTION>Последна промяна от</COLUMN_DESCRIPTION>
                <COLUMN_DATA_TYPE>VARCHAR2</COLUMN_DATA_TYPE>
                <COLUMN_VALUE></COLUMN_VALUE>
            </USER_UPDATED>
            <DATE_UPDATED>
                <COLUMN_DESCRIPTION>Дата на промяна</COLUMN_DESCRIPTION>
                <COLUMN_DATA_TYPE>DATE</COLUMN_DATA_TYPE>
                <COLUMN_VALUE></COLUMN_VALUE>
            </DATE_UPDATED>
            <NOMENCL_R_STATUS_ID>
                <COLUMN_DESCRIPTION>Статус</COLUMN_DESCRIPTION>
                <COLUMN_DATA_TYPE>NUMBER</COLUMN_DATA_TYPE>
                <COLUMN_VALUE>133</COLUMN_VALUE>
            </NOMENCL_R_STATUS_ID>
            <PEC_NOTIF_ID>
                <COLUMN_DESCRIPTION>Уведомление</COLUMN_DESCRIPTION>
                <COLUMN_DATA_TYPE>NUMBER</COLUMN_DATA_TYPE>
                <COLUMN_VALUE></COLUMN_VALUE>
            </PEC_NOTIF_ID>
            <COMPANY_ID>
                <COLUMN_DESCRIPTION>Предприятие</COLUMN_DESCRIPTION>
                <COLUMN_DATA_TYPE>NUMBER</COLUMN_DATA_TYPE>
                <COLUMN_VALUE>2</COLUMN_VALUE>
            </COMPANY_ID>
            <NOMENCL_OBJECTS_ID>
                <COLUMN_DESCRIPTION>Предмет на дейност</COLUMN_DESCRIPTION>
                <COLUMN_DATA_TYPE>NUMBER</COLUMN_DATA_TYPE>
                <COLUMN_VALUE></COLUMN_VALUE>
            </NOMENCL_OBJECTS_ID>
            <NOMENCL_REQ_TYPE_ID>
                <COLUMN_DESCRIPTION>Тип</COLUMN_DESCRIPTION>
                <COLUMN_DATA_TYPE>NUMBER</COLUMN_DATA_TYPE>
                <COLUMN_VALUE>77</COLUMN_VALUE>
            </NOMENCL_REQ_TYPE_ID>
            <START_USE_DATE>
                <COLUMN_DESCRIPTION>Дата на започване на ползване</COLUMN_DESCRIPTION>
                <COLUMN_DATA_TYPE>VARCHAR2</COLUMN_DATA_TYPE>
                <COLUMN_VALUE>utre</COLUMN_VALUE>
            </START_USE_DATE>
            <NOMENCL_R_KIND_ID>
                <COLUMN_DESCRIPTION>Вид на заявлението</COLUMN_DESCRIPTION>
                <COLUMN_DATA_TYPE>NUMBER</COLUMN_DATA_TYPE>
                <COLUMN_VALUE>202</COLUMN_VALUE>
            </NOMENCL_R_KIND_ID>
            <URI>
                <COLUMN_DESCRIPTION>Уникален регистрационен номер</COLUMN_DESCRIPTION>
                <COLUMN_DATA_TYPE>VARCHAR2</COLUMN_DATA_TYPE>
                <COLUMN_VALUE>10-1061</COLUMN_VALUE>
            </URI>
            <CHANGE_REASON>
                <COLUMN_DESCRIPTION>Мотивирано искане с обосновка</COLUMN_DESCRIPTION>
                <COLUMN_DATA_TYPE>VARCHAR2</COLUMN_DATA_TYPE>
                <COLUMN_VALUE></COLUMN_VALUE>
            </CHANGE_REASON>
            <PERM_IOOR_ID>
                <COLUMN_DESCRIPTION>Разрешение</COLUMN_DESCRIPTION>
                <COLUMN_DATA_TYPE>NUMBER</COLUMN_DATA_TYPE>
                <COLUMN_VALUE></COLUMN_VALUE>
            </PERM_IOOR_ID>
            <NOMENCL_ID_PAY_DOC>
                <COLUMN_DESCRIPTION></COLUMN_DESCRIPTION>
                <COLUMN_DATA_TYPE>NUMBER</COLUMN_DATA_TYPE>
                <COLUMN_VALUE></COLUMN_VALUE>
            </NOMENCL_ID_PAY_DOC>
            <PAY_DOC_NO>
                <COLUMN_DESCRIPTION>Номер на платежен документ</COLUMN_DESCRIPTION>
                <COLUMN_DATA_TYPE>VARCHAR2</COLUMN_DATA_TYPE>
                <COLUMN_VALUE></COLUMN_VALUE>
            </PAY_DOC_NO>
            <PAY_DOC_DATE>
                <COLUMN_DESCRIPTION>Дата на издаване</COLUMN_DESCRIPTION>
                <COLUMN_DATA_TYPE>DATE</COLUMN_DATA_TYPE>
                <COLUMN_VALUE></COLUMN_VALUE>
            </PAY_DOC_DATE>
            <PAY_ACC_CODE>
                <COLUMN_DESCRIPTION>Счетоводен код</COLUMN_DESCRIPTION>
                <COLUMN_DATA_TYPE>VARCHAR2</COLUMN_DATA_TYPE>
                <COLUMN_VALUE></COLUMN_VALUE>
            </PAY_ACC_CODE>
            <PAY_SUM>
                <COLUMN_DESCRIPTION>Сума</COLUMN_DESCRIPTION>
                <COLUMN_DATA_TYPE>NUMBER</COLUMN_DATA_TYPE>
                <COLUMN_VALUE></COLUMN_VALUE>
            </PAY_SUM>
            <PERIOD_NUMB>
                <COLUMN_DESCRIPTION>Желан срок за ползване(цифром)</COLUMN_DESCRIPTION>
                <COLUMN_DATA_TYPE>NUMBER</COLUMN_DATA_TYPE>
                <COLUMN_VALUE>10</COLUMN_VALUE>
            </PERIOD_NUMB>
            <TEMP_PERM>
                <COLUMN_DESCRIPTION>За временно разрешение</COLUMN_DESCRIPTION>
                <COLUMN_DATA_TYPE>NUMBER</COLUMN_DATA_TYPE>
                <COLUMN_VALUE></COLUMN_VALUE>
            </TEMP_PERM>
            <ORG_STRUCT_ID>
                <COLUMN_DESCRIPTION>Резолюирано за</COLUMN_DESCRIPTION>
                <COLUMN_DATA_TYPE>NUMBER</COLUMN_DATA_TYPE>
                <COLUMN_VALUE>3</COLUMN_VALUE>
            </ORG_STRUCT_ID>
            <EVENTISID>
                <COLUMN_DESCRIPTION>ID от деловодната система</COLUMN_DESCRIPTION>
                <COLUMN_DATA_TYPE>VARCHAR2</COLUMN_DATA_TYPE>
                <COLUMN_VALUE></COLUMN_VALUE>
            </EVENTISID>
            <PAYMENT_INFO>
                <COLUMN_DESCRIPTION>Инф. за платени такси</COLUMN_DESCRIPTION>
                <COLUMN_DATA_TYPE>VARCHAR2</COLUMN_DATA_TYPE>
                <COLUMN_VALUE></COLUMN_VALUE>
            </PAYMENT_INFO>
            <GEOST_COMMITMENTS>
                <COLUMN_DESCRIPTION>Геостационарна орбита - Задължения, поети в процедурата по предоставяне на правата по разрешението</COLUMN_DESCRIPTION>
                <COLUMN_DATA_TYPE>VARCHAR2</COLUMN_DATA_TYPE>
                <COLUMN_VALUE></COLUMN_VALUE>
            </GEOST_COMMITMENTS>
            <GEOST_SYSTEM_CONSTRUCTION_DATE>
                <COLUMN_DESCRIPTION>Геостационарна орбита - Дата за изграждане на системата</COLUMN_DESCRIPTION>
                <COLUMN_DATA_TYPE>DATE</COLUMN_DATA_TYPE>
                <COLUMN_VALUE>28.10.2010 19:56:44</COLUMN_VALUE>
            </GEOST_SYSTEM_CONSTRUCTION_DATE>
            <COMPANY_ID_RECIPIENT>
                <COLUMN_DESCRIPTION>Приобретател</COLUMN_DESCRIPTION>
                <COLUMN_DATA_TYPE>NUMBER</COLUMN_DATA_TYPE>
                <COLUMN_VALUE></COLUMN_VALUE>
            </COMPANY_ID_RECIPIENT>
            <NOMENCL_ID_NET_PURPOSE>
                <COLUMN_DESCRIPTION>Предназначение на мрежите</COLUMN_DESCRIPTION>
                <COLUMN_DATA_TYPE>NUMBER</COLUMN_DATA_TYPE>
                <COLUMN_VALUE>463</COLUMN_VALUE>
            </NOMENCL_ID_NET_PURPOSE>
            <TN_RES_OTHER>
                <COLUMN_DESCRIPTION>Номера - други ресурси</COLUMN_DESCRIPTION>
                <COLUMN_DATA_TYPE>VARCHAR2</COLUMN_DATA_TYPE>
                <COLUMN_VALUE></COLUMN_VALUE>
            </TN_RES_OTHER>
 

            <SIGNED_DOC>
                <COLUMN_DESCRIPTION>Подписан документ</COLUMN_DESCRIPTION>
                <COLUMN_DATA_TYPE>BLOB</COLUMN_DATA_TYPE>
                <COLUMN_VALUE></COLUMN_VALUE>
            </SIGNED_DOC>
        </TABLE_ROW>
    </CO_REQUESTS>

    <RADIO_NETS_PTOP>
        <TABLE_DESCRIPTION>Радиомрежи P to P</TABLE_DESCRIPTION>
        <TABLE_ROW>
            <ID>
                <COLUMN_DESCRIPTION></COLUMN_DESCRIPTION>
                <COLUMN_DATA_TYPE>NUMBER</COLUMN_DATA_TYPE>
                <COLUMN_VALUE>727</COLUMN_VALUE>
            </ID>
            <OPERATOR_AND_PLOT_IDENTIF_NO>
                <COLUMN_DESCRIPTION>Идентификационен номер на оператора и участъка</COLUMN_DESCRIPTION>
                <COLUMN_DATA_TYPE>VARCHAR2</COLUMN_DATA_TYPE>
                <COLUMN_VALUE>1</COLUMN_VALUE>
            </OPERATOR_AND_PLOT_IDENTIF_NO>
            <FREE_TEXT_FIELD>
                <COLUMN_DESCRIPTION>Свободно текстово поле</COLUMN_DESCRIPTION>
                <COLUMN_DATA_TYPE>VARCHAR2</COLUMN_DATA_TYPE>
                <COLUMN_VALUE></COLUMN_VALUE>
            </FREE_TEXT_FIELD>
            <DISTANCE>
                <COLUMN_DESCRIPTION>Разстояние</COLUMN_DESCRIPTION>
                <COLUMN_DATA_TYPE>NUMBER</COLUMN_DATA_TYPE>
                <COLUMN_VALUE>2</COLUMN_VALUE>
            </DISTANCE>
            <TOKEN_BRDCST_ACC_RADIOREGULAT>
                <COLUMN_DESCRIPTION>Означение на излъчването съгл. Радиорегламента</COLUMN_DESCRIPTION>
                <COLUMN_DATA_TYPE>VARCHAR2</COLUMN_DATA_TYPE>
                <COLUMN_VALUE></COLUMN_VALUE>
            </TOKEN_BRDCST_ACC_RADIOREGULAT>
            <AZIMUTH_OF_BROADCASTING>
                <COLUMN_DESCRIPTION>Азимут на излъчване</COLUMN_DESCRIPTION>
                <COLUMN_DATA_TYPE>NUMBER</COLUMN_DATA_TYPE>
                <COLUMN_VALUE></COLUMN_VALUE>
            </AZIMUTH_OF_BROADCASTING>
            <PRESENCE_OF_SIGHT>
                <COLUMN_DESCRIPTION>Наличие на пряка видимост (да/не)</COLUMN_DESCRIPTION>
                <COLUMN_DATA_TYPE>NUMBER</COLUMN_DATA_TYPE>
                <COLUMN_VALUE></COLUMN_VALUE>
            </PRESENCE_OF_SIGHT>
            <DIRECTIONAL_DIAGRAM_MIME>
                <COLUMN_DESCRIPTION>Диаграма на насочено действие на антенната система - MIME тип на файла</COLUMN_DESCRIPTION>
                <COLUMN_DATA_TYPE>VARCHAR2</COLUMN_DATA_TYPE>
                <COLUMN_VALUE></COLUMN_VALUE>
            </DIRECTIONAL_DIAGRAM_MIME>
            <DIRECTIONAL_DIAGRAM_DESCRIPT>
                <COLUMN_DESCRIPTION>Диаграма на насочено действие на антенната система - Описание</COLUMN_DESCRIPTION>
                <COLUMN_DATA_TYPE>VARCHAR2</COLUMN_DATA_TYPE>
                <COLUMN_VALUE></COLUMN_VALUE>
            </DIRECTIONAL_DIAGRAM_DESCRIPT>
            <DIRECTIONAL_DIAGRAM_FILE_SPEC>
                <COLUMN_DESCRIPTION>Диаграма на насочено действие на антенната система - Файлова спецификация</COLUMN_DESCRIPTION>
                <COLUMN_DATA_TYPE>VARCHAR2</COLUMN_DATA_TYPE>
                <COLUMN_VALUE></COLUMN_VALUE>
            </DIRECTIONAL_DIAGRAM_FILE_SPEC>
            <ONE_WAY_OR_BIDIRECTIONAL>
                <COLUMN_DESCRIPTION>Еднопосочна (0) или двупосочна (1) РРЛ</COLUMN_DESCRIPTION>
                <COLUMN_DATA_TYPE>NUMBER</COLUMN_DATA_TYPE>
                <COLUMN_VALUE></COLUMN_VALUE>
            </ONE_WAY_OR_BIDIRECTIONAL>
            <A_STATION_CODE>
                <COLUMN_DESCRIPTION>Станция А - код на станцията</COLUMN_DESCRIPTION>
                <COLUMN_DATA_TYPE>VARCHAR2</COLUMN_DATA_TYPE>
                <COLUMN_VALUE></COLUMN_VALUE>
            </A_STATION_CODE>
            <A_RR_STATION_NAME>
                <COLUMN_DESCRIPTION>Станция А - Име на РР станция</COLUMN_DESCRIPTION>
                <COLUMN_DATA_TYPE>VARCHAR2</COLUMN_DATA_TYPE>
                <COLUMN_VALUE></COLUMN_VALUE>
            </A_RR_STATION_NAME>
            <A_RR_STATION_ADDRESS>
                <COLUMN_DESCRIPTION>Станция А - Адрес на РР станция</COLUMN_DESCRIPTION>
                <COLUMN_DATA_TYPE>VARCHAR2</COLUMN_DATA_TYPE>
                <COLUMN_VALUE></COLUMN_VALUE>
            </A_RR_STATION_ADDRESS>
            <A_LONGITUDE>
                <COLUMN_DESCRIPTION>Станция А - Географска дължина</COLUMN_DESCRIPTION>
                <COLUMN_DATA_TYPE>VARCHAR2</COLUMN_DATA_TYPE>
                <COLUMN_VALUE></COLUMN_VALUE>
            </A_LONGITUDE>
            <A_LATITUDE>
                <COLUMN_DESCRIPTION>Станция А - Географска ширина</COLUMN_DESCRIPTION>
                <COLUMN_DATA_TYPE>VARCHAR2</COLUMN_DATA_TYPE>
                <COLUMN_VALUE></COLUMN_VALUE>
            </A_LATITUDE>
            <A_TERAIN_ELEVATION_ALTITUDE>
                <COLUMN_DESCRIPTION>Станция А - Надморска височина на кота терен на станция(m)</COLUMN_DESCRIPTION>
                <COLUMN_DATA_TYPE>NUMBER</COLUMN_DATA_TYPE>
                <COLUMN_VALUE></COLUMN_VALUE>
            </A_TERAIN_ELEVATION_ALTITUDE>
            <A_MAIN_ANT_HEIGHT_ABVE_GREL>
                <COLUMN_DESCRIPTION>Станция А - Височина на основната антена над кота терен(m)</COLUMN_DESCRIPTION>
                <COLUMN_DATA_TYPE>NUMBER</COLUMN_DATA_TYPE>
                <COLUMN_VALUE></COLUMN_VALUE>
            </A_MAIN_ANT_HEIGHT_ABVE_GREL>
            <A_AMPLIF_KOEF_OF_MAIN_ANT>
                <COLUMN_DESCRIPTION>Станция А - Коефициент на усилване на основната антена(dBi)</COLUMN_DESCRIPTION>
                <COLUMN_DATA_TYPE>NUMBER</COLUMN_DATA_TYPE>
                <COLUMN_VALUE></COLUMN_VALUE>
            </A_AMPLIF_KOEF_OF_MAIN_ANT>
            <A_TRANSMITTER_PEAK_POWER>
                <COLUMN_DESCRIPTION>Станция А - Върхова мощност на предавателя(dBm)</COLUMN_DESCRIPTION>
                <COLUMN_DATA_TYPE>NUMBER</COLUMN_DATA_TYPE>
                <COLUMN_VALUE></COLUMN_VALUE>
            </A_TRANSMITTER_PEAK_POWER>
            <A_TRANSMISSION_CARRIER_FREQ>
                <COLUMN_DESCRIPTION>Станция А - Носеща честота при предаване(MHz)</COLUMN_DESCRIPTION>
                <COLUMN_DATA_TYPE>NUMBER</COLUMN_DATA_TYPE>
                <COLUMN_VALUE></COLUMN_VALUE>
            </A_TRANSMISSION_CARRIER_FREQ>
            <A_ANTENNA_POLARIZATION>
                <COLUMN_DESCRIPTION>Станция А - Поляризация на антената</COLUMN_DESCRIPTION>
                <COLUMN_DATA_TYPE>VARCHAR2</COLUMN_DATA_TYPE>
                <COLUMN_VALUE></COLUMN_VALUE>
            </A_ANTENNA_POLARIZATION>
            <A_FIRST_OR_LAST_STATION>
                <COLUMN_DESCRIPTION>Станция А - Начална (Н) или крайна (К) станция</COLUMN_DESCRIPTION>
                <COLUMN_DATA_TYPE>VARCHAR2</COLUMN_DATA_TYPE>
                <COLUMN_VALUE></COLUMN_VALUE>
            </A_FIRST_OR_LAST_STATION>
            <A_POSITION_IN_THE_SPECTRUM>
                <COLUMN_DESCRIPTION>Станция А - Позиция в спектър - Д или Г</COLUMN_DESCRIPTION>
                <COLUMN_DATA_TYPE>VARCHAR2</COLUMN_DATA_TYPE>
                <COLUMN_VALUE></COLUMN_VALUE>
            </A_POSITION_IN_THE_SPECTRUM>
            <A_ANTENNA_BASE_DIAMETER>
                <COLUMN_DESCRIPTION>Станция А - Диаметъра на основата на антената(m)</COLUMN_DESCRIPTION>
                <COLUMN_DATA_TYPE>NUMBER</COLUMN_DATA_TYPE>
                <COLUMN_VALUE></COLUMN_VALUE>
            </A_ANTENNA_BASE_DIAMETER>
            <A_ADDITIONAL_LOSSES>
                <COLUMN_DESCRIPTION>Станция А - Допълнителни загуби - фибери, препятствия, други(dB)</COLUMN_DESCRIPTION>
                <COLUMN_DATA_TYPE>NUMBER</COLUMN_DATA_TYPE>
                <COLUMN_VALUE></COLUMN_VALUE>
            </A_ADDITIONAL_LOSSES>
            <A_COLLOCATION_AVAILABILITY>
                <COLUMN_DESCRIPTION>Станция А - Наличие на колокация</COLUMN_DESCRIPTION>
                <COLUMN_DATA_TYPE>VARCHAR2</COLUMN_DATA_TYPE>
                <COLUMN_VALUE></COLUMN_VALUE>
            </A_COLLOCATION_AVAILABILITY>
            <A_ADD_ANT_HEIGHT_ABV_GROUND>
                <COLUMN_DESCRIPTION>Станция А - ПРП - височина на доп. антена над кота терен, m</COLUMN_DESCRIPTION>
                <COLUMN_DATA_TYPE>VARCHAR2</COLUMN_DATA_TYPE>
                <COLUMN_VALUE></COLUMN_VALUE>
            </A_ADD_ANT_HEIGHT_ABV_GROUND>
            <A_ADD_ANTENNA_AMPLIFICATION>
                <COLUMN_DESCRIPTION>Станция А - ПРП - усилване на доп. антена, dBi</COLUMN_DESCRIPTION>
                <COLUMN_DATA_TYPE>VARCHAR2</COLUMN_DATA_TYPE>
                <COLUMN_VALUE></COLUMN_VALUE>
            </A_ADD_ANTENNA_AMPLIFICATION>
            <A_OTHER_DATA>
                <COLUMN_DESCRIPTION>Станция А - Други данни</COLUMN_DESCRIPTION>
                <COLUMN_DATA_TYPE>VARCHAR2</COLUMN_DATA_TYPE>
                <COLUMN_VALUE></COLUMN_VALUE>
            </A_OTHER_DATA>
            <B_STATION_CODE>
                <COLUMN_DESCRIPTION>Станция Б - код на станцията</COLUMN_DESCRIPTION>
                <COLUMN_DATA_TYPE>VARCHAR2</COLUMN_DATA_TYPE>
                <COLUMN_VALUE></COLUMN_VALUE>
            </B_STATION_CODE>
            <B_RR_STATION_NAME>
                <COLUMN_DESCRIPTION>Станция Б - Име на РР станция</COLUMN_DESCRIPTION>
                <COLUMN_DATA_TYPE>VARCHAR2</COLUMN_DATA_TYPE>
                <COLUMN_VALUE></COLUMN_VALUE>
            </B_RR_STATION_NAME>
            <B_RR_STATION_ADDRESS>
                <COLUMN_DESCRIPTION>Станция Б - Адрес на РР станция</COLUMN_DESCRIPTION>
                <COLUMN_DATA_TYPE>VARCHAR2</COLUMN_DATA_TYPE>
                <COLUMN_VALUE></COLUMN_VALUE>
            </B_RR_STATION_ADDRESS>
            <B_LONGITUDE>
                <COLUMN_DESCRIPTION>Станция Б - Географска дължина</COLUMN_DESCRIPTION>
                <COLUMN_DATA_TYPE>VARCHAR2</COLUMN_DATA_TYPE>
                <COLUMN_VALUE></COLUMN_VALUE>
            </B_LONGITUDE>
            <B_LATITUDE>
                <COLUMN_DESCRIPTION>Станция Б - Географска ширина</COLUMN_DESCRIPTION>
                <COLUMN_DATA_TYPE>VARCHAR2</COLUMN_DATA_TYPE>
                <COLUMN_VALUE></COLUMN_VALUE>
            </B_LATITUDE>
            <B_TERAIN_ELEVATION_ALTITUDE>
                <COLUMN_DESCRIPTION>Станция Б - Надморска височина на кота терен на станция(m)</COLUMN_DESCRIPTION>
                <COLUMN_DATA_TYPE>NUMBER</COLUMN_DATA_TYPE>
                <COLUMN_VALUE></COLUMN_VALUE>
            </B_TERAIN_ELEVATION_ALTITUDE>
            <B_MAIN_ANT_HEIGHT_ABVE_GREL>
                <COLUMN_DESCRIPTION>Станция Б - Височина на основната антена над кота терен(m)</COLUMN_DESCRIPTION>
                <COLUMN_DATA_TYPE>NUMBER</COLUMN_DATA_TYPE>
                <COLUMN_VALUE></COLUMN_VALUE>
            </B_MAIN_ANT_HEIGHT_ABVE_GREL>
            <B_AMPLIF_KOEF_OF_MAIN_ANT>
                <COLUMN_DESCRIPTION>Станция Б - Коефициент на усилване на основната антена(dBi)</COLUMN_DESCRIPTION>
                <COLUMN_DATA_TYPE>NUMBER</COLUMN_DATA_TYPE>
                <COLUMN_VALUE></COLUMN_VALUE>
            </B_AMPLIF_KOEF_OF_MAIN_ANT>
            <B_TRANSMITTER_PEAK_POWER>
                <COLUMN_DESCRIPTION>Станция Б - Върхова мощност на предавателя(dBm)</COLUMN_DESCRIPTION>
                <COLUMN_DATA_TYPE>NUMBER</COLUMN_DATA_TYPE>
                <COLUMN_VALUE></COLUMN_VALUE>
            </B_TRANSMITTER_PEAK_POWER>
            <B_TRANSMISSION_CARRIER_FREQ>
                <COLUMN_DESCRIPTION>Станция Б - Носеща честота при предаване(MHz)</COLUMN_DESCRIPTION>
                <COLUMN_DATA_TYPE>NUMBER</COLUMN_DATA_TYPE>
                <COLUMN_VALUE></COLUMN_VALUE>
            </B_TRANSMISSION_CARRIER_FREQ>
            <B_ANTENNA_POLARIZATION>
                <COLUMN_DESCRIPTION>Станция Б - Поляризация на антената</COLUMN_DESCRIPTION>
                <COLUMN_DATA_TYPE>VARCHAR2</COLUMN_DATA_TYPE>
                <COLUMN_VALUE></COLUMN_VALUE>
            </B_ANTENNA_POLARIZATION>
            <B_FIRST_OR_LAST_STATION>
                <COLUMN_DESCRIPTION>Станция Б - Начална (Н) или крайна (К) станция</COLUMN_DESCRIPTION>
                <COLUMN_DATA_TYPE>VARCHAR2</COLUMN_DATA_TYPE>
                <COLUMN_VALUE></COLUMN_VALUE>
            </B_FIRST_OR_LAST_STATION>
            <B_POSITION_IN_THE_SPECTRUM>
                <COLUMN_DESCRIPTION>Станция Б - Позиция в спектър - Д или Г</COLUMN_DESCRIPTION>
                <COLUMN_DATA_TYPE>VARCHAR2</COLUMN_DATA_TYPE>
                <COLUMN_VALUE></COLUMN_VALUE>
            </B_POSITION_IN_THE_SPECTRUM>
            <B_ANTENNA_BASE_DIAMETER>
                <COLUMN_DESCRIPTION>Станция Б - Диаметъра на основата на антената(m)</COLUMN_DESCRIPTION>
                <COLUMN_DATA_TYPE>NUMBER</COLUMN_DATA_TYPE>
                <COLUMN_VALUE></COLUMN_VALUE>
            </B_ANTENNA_BASE_DIAMETER>
            <B_ADDITIONAL_LOSSES>
                <COLUMN_DESCRIPTION>Станция Б - Допълнителни загуби - фибери, препятствия, други(dB)</COLUMN_DESCRIPTION>
                <COLUMN_DATA_TYPE>NUMBER</COLUMN_DATA_TYPE>
                <COLUMN_VALUE></COLUMN_VALUE>
            </B_ADDITIONAL_LOSSES>
            <B_COLLOCATION_AVAILABILITY>
                <COLUMN_DESCRIPTION>Станция Б - Наличие на колокация</COLUMN_DESCRIPTION>
                <COLUMN_DATA_TYPE>VARCHAR2</COLUMN_DATA_TYPE>
                <COLUMN_VALUE></COLUMN_VALUE>
            </B_COLLOCATION_AVAILABILITY>
            <B_ADD_ANT_HEIGHT_ABV_GROUND>
                <COLUMN_DESCRIPTION>Станция Б - ПРП - височина на доп. антена над кота терен, m</COLUMN_DESCRIPTION>
                <COLUMN_DATA_TYPE>VARCHAR2</COLUMN_DATA_TYPE>
                <COLUMN_VALUE></COLUMN_VALUE>
            </B_ADD_ANT_HEIGHT_ABV_GROUND>
            <B_ADD_ANTENNA_AMPLIFICATION>
                <COLUMN_DESCRIPTION>Станция Б - ПРП - усилване на доп. антена, dBi</COLUMN_DESCRIPTION>
                <COLUMN_DATA_TYPE>VARCHAR2</COLUMN_DATA_TYPE>
                <COLUMN_VALUE></COLUMN_VALUE>
            </B_ADD_ANTENNA_AMPLIFICATION>
            <B_OTHER_DATA>
                <COLUMN_DESCRIPTION>Станция Б - Други данни</COLUMN_DESCRIPTION>
                <COLUMN_DATA_TYPE>VARCHAR2</COLUMN_DATA_TYPE>
                <COLUMN_VALUE></COLUMN_VALUE>
            </B_OTHER_DATA>
            <MODULATION_TYPE>
                <COLUMN_DESCRIPTION>Вид модулация</COLUMN_DESCRIPTION>
                <COLUMN_DATA_TYPE>VARCHAR2</COLUMN_DATA_TYPE>
                <COLUMN_VALUE></COLUMN_VALUE>
            </MODULATION_TYPE>
            <ATPC_DB>
                <COLUMN_DESCRIPTION>ATPC, dB да,не</COLUMN_DESCRIPTION>
                <COLUMN_DATA_TYPE>VARCHAR2</COLUMN_DATA_TYPE>
                <COLUMN_VALUE></COLUMN_VALUE>
            </ATPC_DB>
            <DIGITAL_SPEED>
                <COLUMN_DESCRIPTION>Цифрова скорост, Mbit/s</COLUMN_DESCRIPTION>
                <COLUMN_DATA_TYPE>VARCHAR2</COLUMN_DATA_TYPE>
                <COLUMN_VALUE></COLUMN_VALUE>
            </DIGITAL_SPEED>
            <ACAP>
                <COLUMN_DESCRIPTION>ACAP (да, не)</COLUMN_DESCRIPTION>
                <COLUMN_DATA_TYPE>VARCHAR2</COLUMN_DATA_TYPE>
                <COLUMN_VALUE></COLUMN_VALUE>
            </ACAP>
            <ACCP>
                <COLUMN_DESCRIPTION>ACCP (да, не)</COLUMN_DESCRIPTION>
                <COLUMN_DATA_TYPE>VARCHAR2</COLUMN_DATA_TYPE>
                <COLUMN_VALUE></COLUMN_VALUE>
            </ACCP>
            <CCDP>
                <COLUMN_DESCRIPTION>CCDP (да, не)</COLUMN_DESCRIPTION>
                <COLUMN_DATA_TYPE>VARCHAR2</COLUMN_DATA_TYPE>
                <COLUMN_VALUE></COLUMN_VALUE>
            </CCDP>
            <EQUIPMENT_TRANSCEIVERS_TYPE>
                <COLUMN_DESCRIPTION>Тип оборудване - приемопредаватели</COLUMN_DESCRIPTION>
                <COLUMN_DATA_TYPE>VARCHAR2</COLUMN_DATA_TYPE>
                <COLUMN_VALUE></COLUMN_VALUE>
            </EQUIPMENT_TRANSCEIVERS_TYPE>
            <TYPE_OF_EQUIPMENT_ANTENNAS>
                <COLUMN_DESCRIPTION>Тип оборудване - антени</COLUMN_DESCRIPTION>
                <COLUMN_DATA_TYPE>VARCHAR2</COLUMN_DATA_TYPE>
                <COLUMN_VALUE></COLUMN_VALUE>
            </TYPE_OF_EQUIPMENT_ANTENNAS>
            <REQ_ID>
                <COLUMN_DESCRIPTION>Заявление</COLUMN_DESCRIPTION>
                <COLUMN_DATA_TYPE>NUMBER</COLUMN_DATA_TYPE>
                <COLUMN_VALUE>3066</COLUMN_VALUE>
            </REQ_ID>
            <NOMENCL_ID_PURPOSE>
                <COLUMN_DESCRIPTION>Предназначение</COLUMN_DESCRIPTION>
                <COLUMN_DATA_TYPE>NUMBER</COLUMN_DATA_TYPE>
                <COLUMN_VALUE>463</COLUMN_VALUE>
            </NOMENCL_ID_PURPOSE>
            <PERM_IOOR_ID>
                <COLUMN_DESCRIPTION>Разрешение</COLUMN_DESCRIPTION>
                <COLUMN_DATA_TYPE>NUMBER</COLUMN_DATA_TYPE>
                <COLUMN_VALUE></COLUMN_VALUE>
            </PERM_IOOR_ID>
            <PEC_NOTIF_ID>
                <COLUMN_DESCRIPTION>Уведомление</COLUMN_DESCRIPTION>
                <COLUMN_DATA_TYPE>NUMBER</COLUMN_DATA_TYPE>
                <COLUMN_VALUE></COLUMN_VALUE>
            </PEC_NOTIF_ID>
            <NOMENCL_ID_UPDATE_STAT>
                <COLUMN_DESCRIPTION>Промяна</COLUMN_DESCRIPTION>
                <COLUMN_DATA_TYPE>NUMBER</COLUMN_DATA_TYPE>
                <COLUMN_VALUE>323</COLUMN_VALUE>
            </NOMENCL_ID_UPDATE_STAT>
            <RADIO_RELAY_AREA_DESIGNATION>
                <COLUMN_DESCRIPTION>Радиорелеен участък, означение</COLUMN_DESCRIPTION>
                <COLUMN_DATA_TYPE>VARCHAR2</COLUMN_DATA_TYPE>
                <COLUMN_VALUE></COLUMN_VALUE>
            </RADIO_RELAY_AREA_DESIGNATION>
 

            <DIRECTIONAL_DIAGRAM_DATA_FILE>
                <COLUMN_DESCRIPTION>Диаграма на насочено действие на антенната система - Файл - данни</COLUMN_DESCRIPTION>
                <COLUMN_DATA_TYPE>BLOB</COLUMN_DATA_TYPE>
                <COLUMN_VALUE></COLUMN_VALUE>
            </DIRECTIONAL_DIAGRAM_DATA_FILE>
        </TABLE_ROW>
    </RADIO_NETS_PTOP>

    <RADIO_NETS_PTOP>
        <TABLE_DESCRIPTION>Радиомрежи P to P</TABLE_DESCRIPTION>
        <TABLE_ROW>
            <ID>
                <COLUMN_DESCRIPTION></COLUMN_DESCRIPTION>
                <COLUMN_DATA_TYPE>NUMBER</COLUMN_DATA_TYPE>
                <COLUMN_VALUE>728</COLUMN_VALUE>
            </ID>
            <OPERATOR_AND_PLOT_IDENTIF_NO>
                <COLUMN_DESCRIPTION>Идентификационен номер на оператора и участъка</COLUMN_DESCRIPTION>
                <COLUMN_DATA_TYPE>VARCHAR2</COLUMN_DATA_TYPE>
                <COLUMN_VALUE>3</COLUMN_VALUE>
            </OPERATOR_AND_PLOT_IDENTIF_NO>
            <FREE_TEXT_FIELD>
                <COLUMN_DESCRIPTION>Свободно текстово поле</COLUMN_DESCRIPTION>
                <COLUMN_DATA_TYPE>VARCHAR2</COLUMN_DATA_TYPE>
                <COLUMN_VALUE></COLUMN_VALUE>
            </FREE_TEXT_FIELD>
            <DISTANCE>
                <COLUMN_DESCRIPTION>Разстояние</COLUMN_DESCRIPTION>
                <COLUMN_DATA_TYPE>NUMBER</COLUMN_DATA_TYPE>
                <COLUMN_VALUE>4</COLUMN_VALUE>
            </DISTANCE>
            <TOKEN_BRDCST_ACC_RADIOREGULAT>
                <COLUMN_DESCRIPTION>Означение на излъчването съгл. Радиорегламента</COLUMN_DESCRIPTION>
                <COLUMN_DATA_TYPE>VARCHAR2</COLUMN_DATA_TYPE>
                <COLUMN_VALUE></COLUMN_VALUE>
            </TOKEN_BRDCST_ACC_RADIOREGULAT>
            <AZIMUTH_OF_BROADCASTING>
                <COLUMN_DESCRIPTION>Азимут на излъчване</COLUMN_DESCRIPTION>
                <COLUMN_DATA_TYPE>NUMBER</COLUMN_DATA_TYPE>
                <COLUMN_VALUE></COLUMN_VALUE>
            </AZIMUTH_OF_BROADCASTING>
            <PRESENCE_OF_SIGHT>
                <COLUMN_DESCRIPTION>Наличие на пряка видимост (да/не)</COLUMN_DESCRIPTION>
                <COLUMN_DATA_TYPE>NUMBER</COLUMN_DATA_TYPE>
                <COLUMN_VALUE></COLUMN_VALUE>
            </PRESENCE_OF_SIGHT>
            <DIRECTIONAL_DIAGRAM_MIME>
                <COLUMN_DESCRIPTION>Диаграма на насочено действие на антенната система - MIME тип на файла</COLUMN_DESCRIPTION>
                <COLUMN_DATA_TYPE>VARCHAR2</COLUMN_DATA_TYPE>
                <COLUMN_VALUE></COLUMN_VALUE>
            </DIRECTIONAL_DIAGRAM_MIME>
            <DIRECTIONAL_DIAGRAM_DESCRIPT>
                <COLUMN_DESCRIPTION>Диаграма на насочено действие на антенната система - Описание</COLUMN_DESCRIPTION>
                <COLUMN_DATA_TYPE>VARCHAR2</COLUMN_DATA_TYPE>
                <COLUMN_VALUE></COLUMN_VALUE>
            </DIRECTIONAL_DIAGRAM_DESCRIPT>
            <DIRECTIONAL_DIAGRAM_FILE_SPEC>
                <COLUMN_DESCRIPTION>Диаграма на насочено действие на антенната система - Файлова спецификация</COLUMN_DESCRIPTION>
                <COLUMN_DATA_TYPE>VARCHAR2</COLUMN_DATA_TYPE>
                <COLUMN_VALUE></COLUMN_VALUE>
            </DIRECTIONAL_DIAGRAM_FILE_SPEC>
            <ONE_WAY_OR_BIDIRECTIONAL>
                <COLUMN_DESCRIPTION>Еднопосочна (0) или двупосочна (1) РРЛ</COLUMN_DESCRIPTION>
                <COLUMN_DATA_TYPE>NUMBER</COLUMN_DATA_TYPE>
                <COLUMN_VALUE></COLUMN_VALUE>
            </ONE_WAY_OR_BIDIRECTIONAL>
            <A_STATION_CODE>
                <COLUMN_DESCRIPTION>Станция А - код на станцията</COLUMN_DESCRIPTION>
                <COLUMN_DATA_TYPE>VARCHAR2</COLUMN_DATA_TYPE>
                <COLUMN_VALUE></COLUMN_VALUE>
            </A_STATION_CODE>
            <A_RR_STATION_NAME>
                <COLUMN_DESCRIPTION>Станция А - Име на РР станция</COLUMN_DESCRIPTION>
                <COLUMN_DATA_TYPE>VARCHAR2</COLUMN_DATA_TYPE>
                <COLUMN_VALUE></COLUMN_VALUE>
            </A_RR_STATION_NAME>
            <A_RR_STATION_ADDRESS>
                <COLUMN_DESCRIPTION>Станция А - Адрес на РР станция</COLUMN_DESCRIPTION>
                <COLUMN_DATA_TYPE>VARCHAR2</COLUMN_DATA_TYPE>
                <COLUMN_VALUE></COLUMN_VALUE>
            </A_RR_STATION_ADDRESS>
            <A_LONGITUDE>
                <COLUMN_DESCRIPTION>Станция А - Географска дължина</COLUMN_DESCRIPTION>
                <COLUMN_DATA_TYPE>VARCHAR2</COLUMN_DATA_TYPE>
                <COLUMN_VALUE></COLUMN_VALUE>
            </A_LONGITUDE>
            <A_LATITUDE>
                <COLUMN_DESCRIPTION>Станция А - Географска ширина</COLUMN_DESCRIPTION>
                <COLUMN_DATA_TYPE>VARCHAR2</COLUMN_DATA_TYPE>
                <COLUMN_VALUE></COLUMN_VALUE>
            </A_LATITUDE>
            <A_TERAIN_ELEVATION_ALTITUDE>
                <COLUMN_DESCRIPTION>Станция А - Надморска височина на кота терен на станция(m)</COLUMN_DESCRIPTION>
                <COLUMN_DATA_TYPE>NUMBER</COLUMN_DATA_TYPE>
                <COLUMN_VALUE></COLUMN_VALUE>
            </A_TERAIN_ELEVATION_ALTITUDE>
            <A_MAIN_ANT_HEIGHT_ABVE_GREL>
                <COLUMN_DESCRIPTION>Станция А - Височина на основната антена над кота терен(m)</COLUMN_DESCRIPTION>
                <COLUMN_DATA_TYPE>NUMBER</COLUMN_DATA_TYPE>
                <COLUMN_VALUE></COLUMN_VALUE>
            </A_MAIN_ANT_HEIGHT_ABVE_GREL>
            <A_AMPLIF_KOEF_OF_MAIN_ANT>
                <COLUMN_DESCRIPTION>Станция А - Коефициент на усилване на основната антена(dBi)</COLUMN_DESCRIPTION>
                <COLUMN_DATA_TYPE>NUMBER</COLUMN_DATA_TYPE>
                <COLUMN_VALUE></COLUMN_VALUE>
            </A_AMPLIF_KOEF_OF_MAIN_ANT>
            <A_TRANSMITTER_PEAK_POWER>
                <COLUMN_DESCRIPTION>Станция А - Върхова мощност на предавателя(dBm)</COLUMN_DESCRIPTION>
                <COLUMN_DATA_TYPE>NUMBER</COLUMN_DATA_TYPE>
                <COLUMN_VALUE></COLUMN_VALUE>
            </A_TRANSMITTER_PEAK_POWER>
            <A_TRANSMISSION_CARRIER_FREQ>
                <COLUMN_DESCRIPTION>Станция А - Носеща честота при предаване(MHz)</COLUMN_DESCRIPTION>
                <COLUMN_DATA_TYPE>NUMBER</COLUMN_DATA_TYPE>
                <COLUMN_VALUE></COLUMN_VALUE>
            </A_TRANSMISSION_CARRIER_FREQ>
            <A_ANTENNA_POLARIZATION>
                <COLUMN_DESCRIPTION>Станция А - Поляризация на антената</COLUMN_DESCRIPTION>
                <COLUMN_DATA_TYPE>VARCHAR2</COLUMN_DATA_TYPE>
                <COLUMN_VALUE></COLUMN_VALUE>
            </A_ANTENNA_POLARIZATION>
            <A_FIRST_OR_LAST_STATION>
                <COLUMN_DESCRIPTION>Станция А - Начална (Н) или крайна (К) станция</COLUMN_DESCRIPTION>
                <COLUMN_DATA_TYPE>VARCHAR2</COLUMN_DATA_TYPE>
                <COLUMN_VALUE></COLUMN_VALUE>
            </A_FIRST_OR_LAST_STATION>
            <A_POSITION_IN_THE_SPECTRUM>
                <COLUMN_DESCRIPTION>Станция А - Позиция в спектър - Д или Г</COLUMN_DESCRIPTION>
                <COLUMN_DATA_TYPE>VARCHAR2</COLUMN_DATA_TYPE>
                <COLUMN_VALUE></COLUMN_VALUE>
            </A_POSITION_IN_THE_SPECTRUM>
            <A_ANTENNA_BASE_DIAMETER>
                <COLUMN_DESCRIPTION>Станция А - Диаметъра на основата на антената(m)</COLUMN_DESCRIPTION>
                <COLUMN_DATA_TYPE>NUMBER</COLUMN_DATA_TYPE>
                <COLUMN_VALUE></COLUMN_VALUE>
            </A_ANTENNA_BASE_DIAMETER>
            <A_ADDITIONAL_LOSSES>
                <COLUMN_DESCRIPTION>Станция А - Допълнителни загуби - фибери, препятствия, други(dB)</COLUMN_DESCRIPTION>
                <COLUMN_DATA_TYPE>NUMBER</COLUMN_DATA_TYPE>
                <COLUMN_VALUE></COLUMN_VALUE>
            </A_ADDITIONAL_LOSSES>
            <A_COLLOCATION_AVAILABILITY>
                <COLUMN_DESCRIPTION>Станция А - Наличие на колокация</COLUMN_DESCRIPTION>
                <COLUMN_DATA_TYPE>VARCHAR2</COLUMN_DATA_TYPE>
                <COLUMN_VALUE></COLUMN_VALUE>
            </A_COLLOCATION_AVAILABILITY>
            <A_ADD_ANT_HEIGHT_ABV_GROUND>
                <COLUMN_DESCRIPTION>Станция А - ПРП - височина на доп. антена над кота терен, m</COLUMN_DESCRIPTION>
                <COLUMN_DATA_TYPE>VARCHAR2</COLUMN_DATA_TYPE>
                <COLUMN_VALUE></COLUMN_VALUE>
            </A_ADD_ANT_HEIGHT_ABV_GROUND>
            <A_ADD_ANTENNA_AMPLIFICATION>
                <COLUMN_DESCRIPTION>Станция А - ПРП - усилване на доп. антена, dBi</COLUMN_DESCRIPTION>
                <COLUMN_DATA_TYPE>VARCHAR2</COLUMN_DATA_TYPE>
                <COLUMN_VALUE></COLUMN_VALUE>
            </A_ADD_ANTENNA_AMPLIFICATION>
            <A_OTHER_DATA>
                <COLUMN_DESCRIPTION>Станция А - Други данни</COLUMN_DESCRIPTION>
                <COLUMN_DATA_TYPE>VARCHAR2</COLUMN_DATA_TYPE>
                <COLUMN_VALUE></COLUMN_VALUE>
            </A_OTHER_DATA>
            <B_STATION_CODE>
                <COLUMN_DESCRIPTION>Станция Б - код на станцията</COLUMN_DESCRIPTION>
                <COLUMN_DATA_TYPE>VARCHAR2</COLUMN_DATA_TYPE>
                <COLUMN_VALUE></COLUMN_VALUE>
            </B_STATION_CODE>
            <B_RR_STATION_NAME>
                <COLUMN_DESCRIPTION>Станция Б - Име на РР станция</COLUMN_DESCRIPTION>
                <COLUMN_DATA_TYPE>VARCHAR2</COLUMN_DATA_TYPE>
                <COLUMN_VALUE></COLUMN_VALUE>
            </B_RR_STATION_NAME>
            <B_RR_STATION_ADDRESS>
                <COLUMN_DESCRIPTION>Станция Б - Адрес на РР станция</COLUMN_DESCRIPTION>
                <COLUMN_DATA_TYPE>VARCHAR2</COLUMN_DATA_TYPE>
                <COLUMN_VALUE></COLUMN_VALUE>
            </B_RR_STATION_ADDRESS>
            <B_LONGITUDE>
                <COLUMN_DESCRIPTION>Станция Б - Географска дължина</COLUMN_DESCRIPTION>
                <COLUMN_DATA_TYPE>VARCHAR2</COLUMN_DATA_TYPE>
                <COLUMN_VALUE></COLUMN_VALUE>
            </B_LONGITUDE>
            <B_LATITUDE>
                <COLUMN_DESCRIPTION>Станция Б - Географска ширина</COLUMN_DESCRIPTION>
                <COLUMN_DATA_TYPE>VARCHAR2</COLUMN_DATA_TYPE>
                <COLUMN_VALUE></COLUMN_VALUE>
            </B_LATITUDE>
            <B_TERAIN_ELEVATION_ALTITUDE>
                <COLUMN_DESCRIPTION>Станция Б - Надморска височина на кота терен на станция(m)</COLUMN_DESCRIPTION>
                <COLUMN_DATA_TYPE>NUMBER</COLUMN_DATA_TYPE>
                <COLUMN_VALUE></COLUMN_VALUE>
            </B_TERAIN_ELEVATION_ALTITUDE>
            <B_MAIN_ANT_HEIGHT_ABVE_GREL>
                <COLUMN_DESCRIPTION>Станция Б - Височина на основната антена над кота терен(m)</COLUMN_DESCRIPTION>
                <COLUMN_DATA_TYPE>NUMBER</COLUMN_DATA_TYPE>
                <COLUMN_VALUE></COLUMN_VALUE>
            </B_MAIN_ANT_HEIGHT_ABVE_GREL>
            <B_AMPLIF_KOEF_OF_MAIN_ANT>
                <COLUMN_DESCRIPTION>Станция Б - Коефициент на усилване на основната антена(dBi)</COLUMN_DESCRIPTION>
                <COLUMN_DATA_TYPE>NUMBER</COLUMN_DATA_TYPE>
                <COLUMN_VALUE></COLUMN_VALUE>
            </B_AMPLIF_KOEF_OF_MAIN_ANT>
            <B_TRANSMITTER_PEAK_POWER>
                <COLUMN_DESCRIPTION>Станция Б - Върхова мощност на предавателя(dBm)</COLUMN_DESCRIPTION>
                <COLUMN_DATA_TYPE>NUMBER</COLUMN_DATA_TYPE>
                <COLUMN_VALUE></COLUMN_VALUE>
            </B_TRANSMITTER_PEAK_POWER>
            <B_TRANSMISSION_CARRIER_FREQ>
                <COLUMN_DESCRIPTION>Станция Б - Носеща честота при предаване(MHz)</COLUMN_DESCRIPTION>
                <COLUMN_DATA_TYPE>NUMBER</COLUMN_DATA_TYPE>
                <COLUMN_VALUE></COLUMN_VALUE>
            </B_TRANSMISSION_CARRIER_FREQ>
            <B_ANTENNA_POLARIZATION>
                <COLUMN_DESCRIPTION>Станция Б - Поляризация на антената</COLUMN_DESCRIPTION>
                <COLUMN_DATA_TYPE>VARCHAR2</COLUMN_DATA_TYPE>
                <COLUMN_VALUE></COLUMN_VALUE>
            </B_ANTENNA_POLARIZATION>
            <B_FIRST_OR_LAST_STATION>
                <COLUMN_DESCRIPTION>Станция Б - Начална (Н) или крайна (К) станция</COLUMN_DESCRIPTION>
                <COLUMN_DATA_TYPE>VARCHAR2</COLUMN_DATA_TYPE>
                <COLUMN_VALUE></COLUMN_VALUE>
            </B_FIRST_OR_LAST_STATION>
            <B_POSITION_IN_THE_SPECTRUM>
                <COLUMN_DESCRIPTION>Станция Б - Позиция в спектър - Д или Г</COLUMN_DESCRIPTION>
                <COLUMN_DATA_TYPE>VARCHAR2</COLUMN_DATA_TYPE>
                <COLUMN_VALUE></COLUMN_VALUE>
            </B_POSITION_IN_THE_SPECTRUM>
            <B_ANTENNA_BASE_DIAMETER>
                <COLUMN_DESCRIPTION>Станция Б - Диаметъра на основата на антената(m)</COLUMN_DESCRIPTION>
                <COLUMN_DATA_TYPE>NUMBER</COLUMN_DATA_TYPE>
                <COLUMN_VALUE></COLUMN_VALUE>
            </B_ANTENNA_BASE_DIAMETER>
            <B_ADDITIONAL_LOSSES>
                <COLUMN_DESCRIPTION>Станция Б - Допълнителни загуби - фибери, препятствия, други(dB)</COLUMN_DESCRIPTION>
                <COLUMN_DATA_TYPE>NUMBER</COLUMN_DATA_TYPE>
                <COLUMN_VALUE></COLUMN_VALUE>
            </B_ADDITIONAL_LOSSES>
            <B_COLLOCATION_AVAILABILITY>
                <COLUMN_DESCRIPTION>Станция Б - Наличие на колокация</COLUMN_DESCRIPTION>
                <COLUMN_DATA_TYPE>VARCHAR2</COLUMN_DATA_TYPE>
                <COLUMN_VALUE></COLUMN_VALUE>
            </B_COLLOCATION_AVAILABILITY>
            <B_ADD_ANT_HEIGHT_ABV_GROUND>
                <COLUMN_DESCRIPTION>Станция Б - ПРП - височина на доп. антена над кота терен, m</COLUMN_DESCRIPTION>
                <COLUMN_DATA_TYPE>VARCHAR2</COLUMN_DATA_TYPE>
                <COLUMN_VALUE></COLUMN_VALUE>
            </B_ADD_ANT_HEIGHT_ABV_GROUND>
            <B_ADD_ANTENNA_AMPLIFICATION>
                <COLUMN_DESCRIPTION>Станция Б - ПРП - усилване на доп. антена, dBi</COLUMN_DESCRIPTION>
                <COLUMN_DATA_TYPE>VARCHAR2</COLUMN_DATA_TYPE>
                <COLUMN_VALUE></COLUMN_VALUE>
            </B_ADD_ANTENNA_AMPLIFICATION>
            <B_OTHER_DATA>
                <COLUMN_DESCRIPTION>Станция Б - Други данни</COLUMN_DESCRIPTION>
                <COLUMN_DATA_TYPE>VARCHAR2</COLUMN_DATA_TYPE>
                <COLUMN_VALUE></COLUMN_VALUE>
            </B_OTHER_DATA>
            <MODULATION_TYPE>
                <COLUMN_DESCRIPTION>Вид модулация</COLUMN_DESCRIPTION>
                <COLUMN_DATA_TYPE>VARCHAR2</COLUMN_DATA_TYPE>
                <COLUMN_VALUE></COLUMN_VALUE>
            </MODULATION_TYPE>
            <ATPC_DB>
                <COLUMN_DESCRIPTION>ATPC, dB да,не</COLUMN_DESCRIPTION>
                <COLUMN_DATA_TYPE>VARCHAR2</COLUMN_DATA_TYPE>
                <COLUMN_VALUE></COLUMN_VALUE>
            </ATPC_DB>
            <DIGITAL_SPEED>
                <COLUMN_DESCRIPTION>Цифрова скорост, Mbit/s</COLUMN_DESCRIPTION>
                <COLUMN_DATA_TYPE>VARCHAR2</COLUMN_DATA_TYPE>
                <COLUMN_VALUE></COLUMN_VALUE>
            </DIGITAL_SPEED>
            <ACAP>
                <COLUMN_DESCRIPTION>ACAP (да, не)</COLUMN_DESCRIPTION>
                <COLUMN_DATA_TYPE>VARCHAR2</COLUMN_DATA_TYPE>
                <COLUMN_VALUE></COLUMN_VALUE>
            </ACAP>
            <ACCP>
                <COLUMN_DESCRIPTION>ACCP (да, не)</COLUMN_DESCRIPTION>
                <COLUMN_DATA_TYPE>VARCHAR2</COLUMN_DATA_TYPE>
                <COLUMN_VALUE></COLUMN_VALUE>
            </ACCP>
            <CCDP>
                <COLUMN_DESCRIPTION>CCDP (да, не)</COLUMN_DESCRIPTION>
                <COLUMN_DATA_TYPE>VARCHAR2</COLUMN_DATA_TYPE>
                <COLUMN_VALUE></COLUMN_VALUE>
            </CCDP>
            <EQUIPMENT_TRANSCEIVERS_TYPE>
                <COLUMN_DESCRIPTION>Тип оборудване - приемопредаватели</COLUMN_DESCRIPTION>
                <COLUMN_DATA_TYPE>VARCHAR2</COLUMN_DATA_TYPE>
                <COLUMN_VALUE></COLUMN_VALUE>
            </EQUIPMENT_TRANSCEIVERS_TYPE>
            <TYPE_OF_EQUIPMENT_ANTENNAS>
                <COLUMN_DESCRIPTION>Тип оборудване - антени</COLUMN_DESCRIPTION>
                <COLUMN_DATA_TYPE>VARCHAR2</COLUMN_DATA_TYPE>
                <COLUMN_VALUE></COLUMN_VALUE>
            </TYPE_OF_EQUIPMENT_ANTENNAS>
            <REQ_ID>
                <COLUMN_DESCRIPTION>Заявление</COLUMN_DESCRIPTION>
                <COLUMN_DATA_TYPE>NUMBER</COLUMN_DATA_TYPE>
                <COLUMN_VALUE>3066</COLUMN_VALUE>
            </REQ_ID>
            <NOMENCL_ID_PURPOSE>
                <COLUMN_DESCRIPTION>Предназначение</COLUMN_DESCRIPTION>
                <COLUMN_DATA_TYPE>NUMBER</COLUMN_DATA_TYPE>
                <COLUMN_VALUE>463</COLUMN_VALUE>
            </NOMENCL_ID_PURPOSE>
            <PERM_IOOR_ID>
                <COLUMN_DESCRIPTION>Разрешение</COLUMN_DESCRIPTION>
                <COLUMN_DATA_TYPE>NUMBER</COLUMN_DATA_TYPE>
                <COLUMN_VALUE></COLUMN_VALUE>
            </PERM_IOOR_ID>
            <PEC_NOTIF_ID>
                <COLUMN_DESCRIPTION>Уведомление</COLUMN_DESCRIPTION>
                <COLUMN_DATA_TYPE>NUMBER</COLUMN_DATA_TYPE>
                <COLUMN_VALUE></COLUMN_VALUE>
            </PEC_NOTIF_ID>
            <NOMENCL_ID_UPDATE_STAT>
                <COLUMN_DESCRIPTION>Промяна</COLUMN_DESCRIPTION>
                <COLUMN_DATA_TYPE>NUMBER</COLUMN_DATA_TYPE>
                <COLUMN_VALUE>325</COLUMN_VALUE>
            </NOMENCL_ID_UPDATE_STAT>
            <RADIO_RELAY_AREA_DESIGNATION>
                <COLUMN_DESCRIPTION>Радиорелеен участък, означение</COLUMN_DESCRIPTION>
                <COLUMN_DATA_TYPE>VARCHAR2</COLUMN_DATA_TYPE>
                <COLUMN_VALUE></COLUMN_VALUE>
            </RADIO_RELAY_AREA_DESIGNATION>
 

            <DIRECTIONAL_DIAGRAM_DATA_FILE>
                <COLUMN_DESCRIPTION>Диаграма на насочено действие на антенната система - Файл - данни</COLUMN_DESCRIPTION>
                <COLUMN_DATA_TYPE>BLOB</COLUMN_DATA_TYPE>
                <COLUMN_VALUE></COLUMN_VALUE>
            </DIRECTIONAL_DIAGRAM_DATA_FILE>
        </TABLE_ROW>
    </RADIO_NETS_PTOP>

    <RADIO_NETS_PTOP>
        <TABLE_DESCRIPTION>Радиомрежи P to P</TABLE_DESCRIPTION>
        <TABLE_ROW>
            <ID>
                <COLUMN_DESCRIPTION></COLUMN_DESCRIPTION>
                <COLUMN_DATA_TYPE>NUMBER</COLUMN_DATA_TYPE>
                <COLUMN_VALUE>730</COLUMN_VALUE>
            </ID>
            <OPERATOR_AND_PLOT_IDENTIF_NO>
                <COLUMN_DESCRIPTION>Идентификационен номер на оператора и участъка</COLUMN_DESCRIPTION>
                <COLUMN_DATA_TYPE>VARCHAR2</COLUMN_DATA_TYPE>
                <COLUMN_VALUE>5</COLUMN_VALUE>
            </OPERATOR_AND_PLOT_IDENTIF_NO>
            <FREE_TEXT_FIELD>
                <COLUMN_DESCRIPTION>Свободно текстово поле</COLUMN_DESCRIPTION>
                <COLUMN_DATA_TYPE>VARCHAR2</COLUMN_DATA_TYPE>
                <COLUMN_VALUE></COLUMN_VALUE>
            </FREE_TEXT_FIELD>
            <DISTANCE>
                <COLUMN_DESCRIPTION>Разстояние</COLUMN_DESCRIPTION>
                <COLUMN_DATA_TYPE>NUMBER</COLUMN_DATA_TYPE>
                <COLUMN_VALUE>6</COLUMN_VALUE>
            </DISTANCE>
            <TOKEN_BRDCST_ACC_RADIOREGULAT>
                <COLUMN_DESCRIPTION>Означение на излъчването съгл. Радиорегламента</COLUMN_DESCRIPTION>
                <COLUMN_DATA_TYPE>VARCHAR2</COLUMN_DATA_TYPE>
                <COLUMN_VALUE></COLUMN_VALUE>
            </TOKEN_BRDCST_ACC_RADIOREGULAT>
            <AZIMUTH_OF_BROADCASTING>
                <COLUMN_DESCRIPTION>Азимут на излъчване</COLUMN_DESCRIPTION>
                <COLUMN_DATA_TYPE>NUMBER</COLUMN_DATA_TYPE>
                <COLUMN_VALUE></COLUMN_VALUE>
            </AZIMUTH_OF_BROADCASTING>
            <PRESENCE_OF_SIGHT>
                <COLUMN_DESCRIPTION>Наличие на пряка видимост (да/не)</COLUMN_DESCRIPTION>
                <COLUMN_DATA_TYPE>NUMBER</COLUMN_DATA_TYPE>
                <COLUMN_VALUE></COLUMN_VALUE>
            </PRESENCE_OF_SIGHT>
            <DIRECTIONAL_DIAGRAM_MIME>
                <COLUMN_DESCRIPTION>Диаграма на насочено действие на антенната система - MIME тип на файла</COLUMN_DESCRIPTION>
                <COLUMN_DATA_TYPE>VARCHAR2</COLUMN_DATA_TYPE>
                <COLUMN_VALUE></COLUMN_VALUE>
            </DIRECTIONAL_DIAGRAM_MIME>
            <DIRECTIONAL_DIAGRAM_DESCRIPT>
                <COLUMN_DESCRIPTION>Диаграма на насочено действие на антенната система - Описание</COLUMN_DESCRIPTION>
                <COLUMN_DATA_TYPE>VARCHAR2</COLUMN_DATA_TYPE>
                <COLUMN_VALUE></COLUMN_VALUE>
            </DIRECTIONAL_DIAGRAM_DESCRIPT>
            <DIRECTIONAL_DIAGRAM_FILE_SPEC>
                <COLUMN_DESCRIPTION>Диаграма на насочено действие на антенната система - Файлова спецификация</COLUMN_DESCRIPTION>
                <COLUMN_DATA_TYPE>VARCHAR2</COLUMN_DATA_TYPE>
                <COLUMN_VALUE></COLUMN_VALUE>
            </DIRECTIONAL_DIAGRAM_FILE_SPEC>
            <ONE_WAY_OR_BIDIRECTIONAL>
                <COLUMN_DESCRIPTION>Еднопосочна (0) или двупосочна (1) РРЛ</COLUMN_DESCRIPTION>
                <COLUMN_DATA_TYPE>NUMBER</COLUMN_DATA_TYPE>
                <COLUMN_VALUE></COLUMN_VALUE>
            </ONE_WAY_OR_BIDIRECTIONAL>
            <A_STATION_CODE>
                <COLUMN_DESCRIPTION>Станция А - код на станцията</COLUMN_DESCRIPTION>
                <COLUMN_DATA_TYPE>VARCHAR2</COLUMN_DATA_TYPE>
                <COLUMN_VALUE></COLUMN_VALUE>
            </A_STATION_CODE>
            <A_RR_STATION_NAME>
                <COLUMN_DESCRIPTION>Станция А - Име на РР станция</COLUMN_DESCRIPTION>
                <COLUMN_DATA_TYPE>VARCHAR2</COLUMN_DATA_TYPE>
                <COLUMN_VALUE></COLUMN_VALUE>
            </A_RR_STATION_NAME>
            <A_RR_STATION_ADDRESS>
                <COLUMN_DESCRIPTION>Станция А - Адрес на РР станция</COLUMN_DESCRIPTION>
                <COLUMN_DATA_TYPE>VARCHAR2</COLUMN_DATA_TYPE>
                <COLUMN_VALUE></COLUMN_VALUE>
            </A_RR_STATION_ADDRESS>
            <A_LONGITUDE>
                <COLUMN_DESCRIPTION>Станция А - Географска дължина</COLUMN_DESCRIPTION>
                <COLUMN_DATA_TYPE>VARCHAR2</COLUMN_DATA_TYPE>
                <COLUMN_VALUE></COLUMN_VALUE>
            </A_LONGITUDE>
            <A_LATITUDE>
                <COLUMN_DESCRIPTION>Станция А - Географска ширина</COLUMN_DESCRIPTION>
                <COLUMN_DATA_TYPE>VARCHAR2</COLUMN_DATA_TYPE>
                <COLUMN_VALUE></COLUMN_VALUE>
            </A_LATITUDE>
            <A_TERAIN_ELEVATION_ALTITUDE>
                <COLUMN_DESCRIPTION>Станция А - Надморска височина на кота терен на станция(m)</COLUMN_DESCRIPTION>
                <COLUMN_DATA_TYPE>NUMBER</COLUMN_DATA_TYPE>
                <COLUMN_VALUE></COLUMN_VALUE>
            </A_TERAIN_ELEVATION_ALTITUDE>
            <A_MAIN_ANT_HEIGHT_ABVE_GREL>
                <COLUMN_DESCRIPTION>Станция А - Височина на основната антена над кота терен(m)</COLUMN_DESCRIPTION>
                <COLUMN_DATA_TYPE>NUMBER</COLUMN_DATA_TYPE>
                <COLUMN_VALUE></COLUMN_VALUE>
            </A_MAIN_ANT_HEIGHT_ABVE_GREL>
            <A_AMPLIF_KOEF_OF_MAIN_ANT>
                <COLUMN_DESCRIPTION>Станция А - Коефициент на усилване на основната антена(dBi)</COLUMN_DESCRIPTION>
                <COLUMN_DATA_TYPE>NUMBER</COLUMN_DATA_TYPE>
                <COLUMN_VALUE></COLUMN_VALUE>
            </A_AMPLIF_KOEF_OF_MAIN_ANT>
            <A_TRANSMITTER_PEAK_POWER>
                <COLUMN_DESCRIPTION>Станция А - Върхова мощност на предавателя(dBm)</COLUMN_DESCRIPTION>
                <COLUMN_DATA_TYPE>NUMBER</COLUMN_DATA_TYPE>
                <COLUMN_VALUE></COLUMN_VALUE>
            </A_TRANSMITTER_PEAK_POWER>
            <A_TRANSMISSION_CARRIER_FREQ>
                <COLUMN_DESCRIPTION>Станция А - Носеща честота при предаване(MHz)</COLUMN_DESCRIPTION>
                <COLUMN_DATA_TYPE>NUMBER</COLUMN_DATA_TYPE>
                <COLUMN_VALUE></COLUMN_VALUE>
            </A_TRANSMISSION_CARRIER_FREQ>
            <A_ANTENNA_POLARIZATION>
                <COLUMN_DESCRIPTION>Станция А - Поляризация на антената</COLUMN_DESCRIPTION>
                <COLUMN_DATA_TYPE>VARCHAR2</COLUMN_DATA_TYPE>
                <COLUMN_VALUE></COLUMN_VALUE>
            </A_ANTENNA_POLARIZATION>
            <A_FIRST_OR_LAST_STATION>
                <COLUMN_DESCRIPTION>Станция А - Начална (Н) или крайна (К) станция</COLUMN_DESCRIPTION>
                <COLUMN_DATA_TYPE>VARCHAR2</COLUMN_DATA_TYPE>
                <COLUMN_VALUE></COLUMN_VALUE>
            </A_FIRST_OR_LAST_STATION>
            <A_POSITION_IN_THE_SPECTRUM>
                <COLUMN_DESCRIPTION>Станция А - Позиция в спектър - Д или Г</COLUMN_DESCRIPTION>
                <COLUMN_DATA_TYPE>VARCHAR2</COLUMN_DATA_TYPE>
                <COLUMN_VALUE></COLUMN_VALUE>
            </A_POSITION_IN_THE_SPECTRUM>
            <A_ANTENNA_BASE_DIAMETER>
                <COLUMN_DESCRIPTION>Станция А - Диаметъра на основата на антената(m)</COLUMN_DESCRIPTION>
                <COLUMN_DATA_TYPE>NUMBER</COLUMN_DATA_TYPE>
                <COLUMN_VALUE></COLUMN_VALUE>
            </A_ANTENNA_BASE_DIAMETER>
            <A_ADDITIONAL_LOSSES>
                <COLUMN_DESCRIPTION>Станция А - Допълнителни загуби - фибери, препятствия, други(dB)</COLUMN_DESCRIPTION>
                <COLUMN_DATA_TYPE>NUMBER</COLUMN_DATA_TYPE>
                <COLUMN_VALUE></COLUMN_VALUE>
            </A_ADDITIONAL_LOSSES>
            <A_COLLOCATION_AVAILABILITY>
                <COLUMN_DESCRIPTION>Станция А - Наличие на колокация</COLUMN_DESCRIPTION>
                <COLUMN_DATA_TYPE>VARCHAR2</COLUMN_DATA_TYPE>
                <COLUMN_VALUE></COLUMN_VALUE>
            </A_COLLOCATION_AVAILABILITY>
            <A_ADD_ANT_HEIGHT_ABV_GROUND>
                <COLUMN_DESCRIPTION>Станция А - ПРП - височина на доп. антена над кота терен, m</COLUMN_DESCRIPTION>
                <COLUMN_DATA_TYPE>VARCHAR2</COLUMN_DATA_TYPE>
                <COLUMN_VALUE></COLUMN_VALUE>
            </A_ADD_ANT_HEIGHT_ABV_GROUND>
            <A_ADD_ANTENNA_AMPLIFICATION>
                <COLUMN_DESCRIPTION>Станция А - ПРП - усилване на доп. антена, dBi</COLUMN_DESCRIPTION>
                <COLUMN_DATA_TYPE>VARCHAR2</COLUMN_DATA_TYPE>
                <COLUMN_VALUE></COLUMN_VALUE>
            </A_ADD_ANTENNA_AMPLIFICATION>
            <A_OTHER_DATA>
                <COLUMN_DESCRIPTION>Станция А - Други данни</COLUMN_DESCRIPTION>
                <COLUMN_DATA_TYPE>VARCHAR2</COLUMN_DATA_TYPE>
                <COLUMN_VALUE></COLUMN_VALUE>
            </A_OTHER_DATA>
            <B_STATION_CODE>
                <COLUMN_DESCRIPTION>Станция Б - код на станцията</COLUMN_DESCRIPTION>
                <COLUMN_DATA_TYPE>VARCHAR2</COLUMN_DATA_TYPE>
                <COLUMN_VALUE></COLUMN_VALUE>
            </B_STATION_CODE>
            <B_RR_STATION_NAME>
                <COLUMN_DESCRIPTION>Станция Б - Име на РР станция</COLUMN_DESCRIPTION>
                <COLUMN_DATA_TYPE>VARCHAR2</COLUMN_DATA_TYPE>
                <COLUMN_VALUE></COLUMN_VALUE>
            </B_RR_STATION_NAME>
            <B_RR_STATION_ADDRESS>
                <COLUMN_DESCRIPTION>Станция Б - Адрес на РР станция</COLUMN_DESCRIPTION>
                <COLUMN_DATA_TYPE>VARCHAR2</COLUMN_DATA_TYPE>
                <COLUMN_VALUE></COLUMN_VALUE>
            </B_RR_STATION_ADDRESS>
            <B_LONGITUDE>
                <COLUMN_DESCRIPTION>Станция Б - Географска дължина</COLUMN_DESCRIPTION>
                <COLUMN_DATA_TYPE>VARCHAR2</COLUMN_DATA_TYPE>
                <COLUMN_VALUE></COLUMN_VALUE>
            </B_LONGITUDE>
            <B_LATITUDE>
                <COLUMN_DESCRIPTION>Станция Б - Географска ширина</COLUMN_DESCRIPTION>
                <COLUMN_DATA_TYPE>VARCHAR2</COLUMN_DATA_TYPE>
                <COLUMN_VALUE></COLUMN_VALUE>
            </B_LATITUDE>
            <B_TERAIN_ELEVATION_ALTITUDE>
                <COLUMN_DESCRIPTION>Станция Б - Надморска височина на кота терен на станция(m)</COLUMN_DESCRIPTION>
                <COLUMN_DATA_TYPE>NUMBER</COLUMN_DATA_TYPE>
                <COLUMN_VALUE></COLUMN_VALUE>
            </B_TERAIN_ELEVATION_ALTITUDE>
            <B_MAIN_ANT_HEIGHT_ABVE_GREL>
                <COLUMN_DESCRIPTION>Станция Б - Височина на основната антена над кота терен(m)</COLUMN_DESCRIPTION>
                <COLUMN_DATA_TYPE>NUMBER</COLUMN_DATA_TYPE>
                <COLUMN_VALUE></COLUMN_VALUE>
            </B_MAIN_ANT_HEIGHT_ABVE_GREL>
            <B_AMPLIF_KOEF_OF_MAIN_ANT>
                <COLUMN_DESCRIPTION>Станция Б - Коефициент на усилване на основната антена(dBi)</COLUMN_DESCRIPTION>
                <COLUMN_DATA_TYPE>NUMBER</COLUMN_DATA_TYPE>
                <COLUMN_VALUE></COLUMN_VALUE>
            </B_AMPLIF_KOEF_OF_MAIN_ANT>
            <B_TRANSMITTER_PEAK_POWER>
                <COLUMN_DESCRIPTION>Станция Б - Върхова мощност на предавателя(dBm)</COLUMN_DESCRIPTION>
                <COLUMN_DATA_TYPE>NUMBER</COLUMN_DATA_TYPE>
                <COLUMN_VALUE></COLUMN_VALUE>
            </B_TRANSMITTER_PEAK_POWER>
            <B_TRANSMISSION_CARRIER_FREQ>
                <COLUMN_DESCRIPTION>Станция Б - Носеща честота при предаване(MHz)</COLUMN_DESCRIPTION>
                <COLUMN_DATA_TYPE>NUMBER</COLUMN_DATA_TYPE>
                <COLUMN_VALUE></COLUMN_VALUE>
            </B_TRANSMISSION_CARRIER_FREQ>
            <B_ANTENNA_POLARIZATION>
                <COLUMN_DESCRIPTION>Станция Б - Поляризация на антената</COLUMN_DESCRIPTION>
                <COLUMN_DATA_TYPE>VARCHAR2</COLUMN_DATA_TYPE>
                <COLUMN_VALUE></COLUMN_VALUE>
            </B_ANTENNA_POLARIZATION>
            <B_FIRST_OR_LAST_STATION>
                <COLUMN_DESCRIPTION>Станция Б - Начална (Н) или крайна (К) станция</COLUMN_DESCRIPTION>
                <COLUMN_DATA_TYPE>VARCHAR2</COLUMN_DATA_TYPE>
                <COLUMN_VALUE></COLUMN_VALUE>
            </B_FIRST_OR_LAST_STATION>
            <B_POSITION_IN_THE_SPECTRUM>
                <COLUMN_DESCRIPTION>Станция Б - Позиция в спектър - Д или Г</COLUMN_DESCRIPTION>
                <COLUMN_DATA_TYPE>VARCHAR2</COLUMN_DATA_TYPE>
                <COLUMN_VALUE></COLUMN_VALUE>
            </B_POSITION_IN_THE_SPECTRUM>
            <B_ANTENNA_BASE_DIAMETER>
                <COLUMN_DESCRIPTION>Станция Б - Диаметъра на основата на антената(m)</COLUMN_DESCRIPTION>
                <COLUMN_DATA_TYPE>NUMBER</COLUMN_DATA_TYPE>
                <COLUMN_VALUE></COLUMN_VALUE>
            </B_ANTENNA_BASE_DIAMETER>
            <B_ADDITIONAL_LOSSES>
                <COLUMN_DESCRIPTION>Станция Б - Допълнителни загуби - фибери, препятствия, други(dB)</COLUMN_DESCRIPTION>
                <COLUMN_DATA_TYPE>NUMBER</COLUMN_DATA_TYPE>
                <COLUMN_VALUE></COLUMN_VALUE>
            </B_ADDITIONAL_LOSSES>
            <B_COLLOCATION_AVAILABILITY>
                <COLUMN_DESCRIPTION>Станция Б - Наличие на колокация</COLUMN_DESCRIPTION>
                <COLUMN_DATA_TYPE>VARCHAR2</COLUMN_DATA_TYPE>
                <COLUMN_VALUE></COLUMN_VALUE>
            </B_COLLOCATION_AVAILABILITY>
            <B_ADD_ANT_HEIGHT_ABV_GROUND>
                <COLUMN_DESCRIPTION>Станция Б - ПРП - височина на доп. антена над кота терен, m</COLUMN_DESCRIPTION>
                <COLUMN_DATA_TYPE>VARCHAR2</COLUMN_DATA_TYPE>
                <COLUMN_VALUE></COLUMN_VALUE>
            </B_ADD_ANT_HEIGHT_ABV_GROUND>
            <B_ADD_ANTENNA_AMPLIFICATION>
                <COLUMN_DESCRIPTION>Станция Б - ПРП - усилване на доп. антена, dBi</COLUMN_DESCRIPTION>
                <COLUMN_DATA_TYPE>VARCHAR2</COLUMN_DATA_TYPE>
                <COLUMN_VALUE></COLUMN_VALUE>
            </B_ADD_ANTENNA_AMPLIFICATION>
            <B_OTHER_DATA>
                <COLUMN_DESCRIPTION>Станция Б - Други данни</COLUMN_DESCRIPTION>
                <COLUMN_DATA_TYPE>VARCHAR2</COLUMN_DATA_TYPE>
                <COLUMN_VALUE></COLUMN_VALUE>
            </B_OTHER_DATA>
            <MODULATION_TYPE>
                <COLUMN_DESCRIPTION>Вид модулация</COLUMN_DESCRIPTION>
                <COLUMN_DATA_TYPE>VARCHAR2</COLUMN_DATA_TYPE>
                <COLUMN_VALUE></COLUMN_VALUE>
            </MODULATION_TYPE>
            <ATPC_DB>
                <COLUMN_DESCRIPTION>ATPC, dB да,не</COLUMN_DESCRIPTION>
                <COLUMN_DATA_TYPE>VARCHAR2</COLUMN_DATA_TYPE>
                <COLUMN_VALUE></COLUMN_VALUE>
            </ATPC_DB>
            <DIGITAL_SPEED>
                <COLUMN_DESCRIPTION>Цифрова скорост, Mbit/s</COLUMN_DESCRIPTION>
                <COLUMN_DATA_TYPE>VARCHAR2</COLUMN_DATA_TYPE>
                <COLUMN_VALUE></COLUMN_VALUE>
            </DIGITAL_SPEED>
            <ACAP>
                <COLUMN_DESCRIPTION>ACAP (да, не)</COLUMN_DESCRIPTION>
                <COLUMN_DATA_TYPE>VARCHAR2</COLUMN_DATA_TYPE>
                <COLUMN_VALUE></COLUMN_VALUE>
            </ACAP>
            <ACCP>
                <COLUMN_DESCRIPTION>ACCP (да, не)</COLUMN_DESCRIPTION>
                <COLUMN_DATA_TYPE>VARCHAR2</COLUMN_DATA_TYPE>
                <COLUMN_VALUE></COLUMN_VALUE>
            </ACCP>
            <CCDP>
                <COLUMN_DESCRIPTION>CCDP (да, не)</COLUMN_DESCRIPTION>
                <COLUMN_DATA_TYPE>VARCHAR2</COLUMN_DATA_TYPE>
                <COLUMN_VALUE></COLUMN_VALUE>
            </CCDP>
            <EQUIPMENT_TRANSCEIVERS_TYPE>
                <COLUMN_DESCRIPTION>Тип оборудване - приемопредаватели</COLUMN_DESCRIPTION>
                <COLUMN_DATA_TYPE>VARCHAR2</COLUMN_DATA_TYPE>
                <COLUMN_VALUE></COLUMN_VALUE>
            </EQUIPMENT_TRANSCEIVERS_TYPE>
            <TYPE_OF_EQUIPMENT_ANTENNAS>
                <COLUMN_DESCRIPTION>Тип оборудване - антени</COLUMN_DESCRIPTION>
                <COLUMN_DATA_TYPE>VARCHAR2</COLUMN_DATA_TYPE>
                <COLUMN_VALUE></COLUMN_VALUE>
            </TYPE_OF_EQUIPMENT_ANTENNAS>
            <REQ_ID>
                <COLUMN_DESCRIPTION>Заявление</COLUMN_DESCRIPTION>
                <COLUMN_DATA_TYPE>NUMBER</COLUMN_DATA_TYPE>
                <COLUMN_VALUE>3066</COLUMN_VALUE>
            </REQ_ID>
            <NOMENCL_ID_PURPOSE>
                <COLUMN_DESCRIPTION>Предназначение</COLUMN_DESCRIPTION>
                <COLUMN_DATA_TYPE>NUMBER</COLUMN_DATA_TYPE>
                <COLUMN_VALUE>463</COLUMN_VALUE>
            </NOMENCL_ID_PURPOSE>
            <PERM_IOOR_ID>
                <COLUMN_DESCRIPTION>Разрешение</COLUMN_DESCRIPTION>
                <COLUMN_DATA_TYPE>NUMBER</COLUMN_DATA_TYPE>
                <COLUMN_VALUE></COLUMN_VALUE>
            </PERM_IOOR_ID>
            <PEC_NOTIF_ID>
                <COLUMN_DESCRIPTION>Уведомление</COLUMN_DESCRIPTION>
                <COLUMN_DATA_TYPE>NUMBER</COLUMN_DATA_TYPE>
                <COLUMN_VALUE></COLUMN_VALUE>
            </PEC_NOTIF_ID>
            <NOMENCL_ID_UPDATE_STAT>
                <COLUMN_DESCRIPTION>Промяна</COLUMN_DESCRIPTION>
                <COLUMN_DATA_TYPE>NUMBER</COLUMN_DATA_TYPE>
                <COLUMN_VALUE>324</COLUMN_VALUE>
            </NOMENCL_ID_UPDATE_STAT>
            <RADIO_RELAY_AREA_DESIGNATION>
                <COLUMN_DESCRIPTION>Радиорелеен участък, означение</COLUMN_DESCRIPTION>
                <COLUMN_DATA_TYPE>VARCHAR2</COLUMN_DATA_TYPE>
                <COLUMN_VALUE></COLUMN_VALUE>
            </RADIO_RELAY_AREA_DESIGNATION>
 

            <DIRECTIONAL_DIAGRAM_DATA_FILE>
                <COLUMN_DESCRIPTION>Диаграма на насочено действие на антенната система - Файл - данни</COLUMN_DESCRIPTION>
                <COLUMN_DATA_TYPE>BLOB</COLUMN_DATA_TYPE>
                <COLUMN_VALUE></COLUMN_VALUE>
            </DIRECTIONAL_DIAGRAM_DATA_FILE>
        </TABLE_ROW>
    </RADIO_NETS_PTOP>

    <CO_COMPANIES_H_RN>
        <TABLE_DESCRIPTION>Данни за предприятия от заявленията/уведомленията</TABLE_DESCRIPTION>
        <TABLE_ROW>
            <ID>
                <COLUMN_DESCRIPTION></COLUMN_DESCRIPTION>
                <COLUMN_DATA_TYPE>NUMBER</COLUMN_DATA_TYPE>
                <COLUMN_VALUE>4268</COLUMN_VALUE>
            </ID>
            <CNAME>
                <COLUMN_DESCRIPTION>Наименование</COLUMN_DESCRIPTION>
                <COLUMN_DATA_TYPE>VARCHAR2</COLUMN_DATA_TYPE>
                <COLUMN_VALUE>TEST COMPANY</COLUMN_VALUE>
            </CNAME>
            <BULSTAT>
                <COLUMN_DESCRIPTION>Булстат</COLUMN_DESCRIPTION>
                <COLUMN_DATA_TYPE>VARCHAR2</COLUMN_DATA_TYPE>
                <COLUMN_VALUE>4546789</COLUMN_VALUE>
            </BULSTAT>
            <FIRM_DEL_NO>
                <COLUMN_DESCRIPTION>Фирмено дело №</COLUMN_DESCRIPTION>
                <COLUMN_DATA_TYPE>VARCHAR2</COLUMN_DATA_TYPE>
                <COLUMN_VALUE>23234</COLUMN_VALUE>
            </FIRM_DEL_NO>
            <FIRM_DEL_YEAR>
                <COLUMN_DESCRIPTION>Фирмено дело година</COLUMN_DESCRIPTION>
                <COLUMN_DATA_TYPE>VARCHAR2</COLUMN_DATA_TYPE>
                <COLUMN_VALUE>2000</COLUMN_VALUE>
            </FIRM_DEL_YEAR>
            <FIRM_DEL_CORT>
                <COLUMN_DESCRIPTION>Фирмено дело съд</COLUMN_DESCRIPTION>
                <COLUMN_DATA_TYPE>VARCHAR2</COLUMN_DATA_TYPE>
                <COLUMN_VALUE>Софийски</COLUMN_VALUE>
            </FIRM_DEL_CORT>
            <ADDRESS>
                <COLUMN_DESCRIPTION>Седалище и адрес на управление</COLUMN_DESCRIPTION>
                <COLUMN_DATA_TYPE>VARCHAR2</COLUMN_DATA_TYPE>
                <COLUMN_VALUE>ул. 45</COLUMN_VALUE>
            </ADDRESS>
            <USER_CREATED>
                <COLUMN_DESCRIPTION>Създадено от</COLUMN_DESCRIPTION>
                <COLUMN_DATA_TYPE>VARCHAR2</COLUMN_DATA_TYPE>
                <COLUMN_VALUE></COLUMN_VALUE>
            </USER_CREATED>
            <DATE_CREATED>
                <COLUMN_DESCRIPTION>Дата на създаване</COLUMN_DESCRIPTION>
                <COLUMN_DATA_TYPE>DATE</COLUMN_DATA_TYPE>
                <COLUMN_VALUE>28.10.2010 19:56:44</COLUMN_VALUE>
            </DATE_CREATED>
            <USER_UPDATED>
                <COLUMN_DESCRIPTION>Последна промяна от</COLUMN_DESCRIPTION>
                <COLUMN_DATA_TYPE>VARCHAR2</COLUMN_DATA_TYPE>
                <COLUMN_VALUE></COLUMN_VALUE>
            </USER_UPDATED>
            <DATE_UPDATED>
                <COLUMN_DESCRIPTION>Дата на промяна</COLUMN_DESCRIPTION>
                <COLUMN_DATA_TYPE>DATE</COLUMN_DATA_TYPE>
                <COLUMN_VALUE>28.10.2010 19:56:44</COLUMN_VALUE>
            </DATE_UPDATED>
            <NOMENCL_C_TYPE_ID>
                <COLUMN_DESCRIPTION>Вид</COLUMN_DESCRIPTION>
                <COLUMN_DATA_TYPE>NUMBER</COLUMN_DATA_TYPE>
                <COLUMN_VALUE>102</COLUMN_VALUE>
            </NOMENCL_C_TYPE_ID>
            <REQ_ID>
                <COLUMN_DESCRIPTION>Заявление</COLUMN_DESCRIPTION>
                <COLUMN_DATA_TYPE>NUMBER</COLUMN_DATA_TYPE>
                <COLUMN_VALUE>3066</COLUMN_VALUE>
            </REQ_ID>
            <PEC_NOTIF_ID>
                <COLUMN_DESCRIPTION>Уведомление</COLUMN_DESCRIPTION>
                <COLUMN_DATA_TYPE>NUMBER</COLUMN_DATA_TYPE>
                <COLUMN_VALUE></COLUMN_VALUE>
            </PEC_NOTIF_ID>
            <CITY_ID>
                <COLUMN_DESCRIPTION>Населено място</COLUMN_DESCRIPTION>
                <COLUMN_DATA_TYPE>NUMBER</COLUMN_DATA_TYPE>
                <COLUMN_VALUE>15</COLUMN_VALUE>
            </CITY_ID>
            <IBAN>
                <COLUMN_DESCRIPTION>IBAN</COLUMN_DESCRIPTION>
                <COLUMN_DATA_TYPE>VARCHAR2</COLUMN_DATA_TYPE>
                <COLUMN_VALUE>BGUN TREERTRE</COLUMN_VALUE>
            </IBAN>
            <BIC>
                <COLUMN_DESCRIPTION>BIC</COLUMN_DESCRIPTION>
                <COLUMN_DATA_TYPE>VARCHAR2</COLUMN_DATA_TYPE>
                <COLUMN_VALUE></COLUMN_VALUE>
            </BIC>
            <WEB_ADDRESS>
                <COLUMN_DESCRIPTION>Web адрес</COLUMN_DESCRIPTION>
                <COLUMN_DATA_TYPE>VARCHAR2</COLUMN_DATA_TYPE>
                <COLUMN_VALUE>company.bg</COLUMN_VALUE>
            </WEB_ADDRESS>
            <POST_REQ_ID>
                <COLUMN_DESCRIPTION>Зявление за УПУ</COLUMN_DESCRIPTION>
                <COLUMN_DATA_TYPE>NUMBER</COLUMN_DATA_TYPE>
                <COLUMN_VALUE></COLUMN_VALUE>
            </POST_REQ_ID>
            <POST_NOTIF_ID>
                <COLUMN_DESCRIPTION>Уведомление за НПУ</COLUMN_DESCRIPTION>
                <COLUMN_DATA_TYPE>NUMBER</COLUMN_DATA_TYPE>
                <COLUMN_VALUE></COLUMN_VALUE>
            </POST_NOTIF_ID>
            <POST_CODE>
                <COLUMN_DESCRIPTION>Пощенски код</COLUMN_DESCRIPTION>
                <COLUMN_DATA_TYPE>VARCHAR2</COLUMN_DATA_TYPE>
                <COLUMN_VALUE>5431</COLUMN_VALUE>
            </POST_CODE>
            <STE_NOTIF_ID>
                <COLUMN_DESCRIPTION>Уведомление за краткосрочни събития</COLUMN_DESCRIPTION>
                <COLUMN_DATA_TYPE>NUMBER</COLUMN_DATA_TYPE>
                <COLUMN_VALUE></COLUMN_VALUE>
            </STE_NOTIF_ID>
            <DATA_CHANGED>
                <COLUMN_DESCRIPTION>Промяна на данните</COLUMN_DESCRIPTION>
                <COLUMN_DATA_TYPE>NUMBER</COLUMN_DATA_TYPE>
                <COLUMN_VALUE>0</COLUMN_VALUE>
            </DATA_CHANGED>
            <DATA_CHANGES_APPLIED>
                <COLUMN_DESCRIPTION>Приложени са промените на данните</COLUMN_DESCRIPTION>
                <COLUMN_DATA_TYPE>NUMBER</COLUMN_DATA_TYPE>
                <COLUMN_VALUE>0</COLUMN_VALUE>
            </DATA_CHANGES_APPLIED>
            <ID_DATA_CHANGED>
                <COLUMN_DESCRIPTION>Промяна на идентификационните данни</COLUMN_DESCRIPTION>
                <COLUMN_DATA_TYPE>NUMBER</COLUMN_DATA_TYPE>
                <COLUMN_VALUE>0</COLUMN_VALUE>
            </ID_DATA_CHANGED>
            <RL_UL_REQ_ID>
                <COLUMN_DESCRIPTION>Заявление от РЛ - Юридически лица</COLUMN_DESCRIPTION>
                <COLUMN_DATA_TYPE>NUMBER</COLUMN_DATA_TYPE>
                <COLUMN_VALUE></COLUMN_VALUE>
            </RL_UL_REQ_ID>
            <NOMENCL_RAYONS_ID>
                <COLUMN_DESCRIPTION></COLUMN_DESCRIPTION>
                <COLUMN_DATA_TYPE>NUMBER</COLUMN_DATA_TYPE>
                <COLUMN_VALUE></COLUMN_VALUE>
            </NOMENCL_RAYONS_ID>
 

        </TABLE_ROW>
    </CO_COMPANIES_H_RN>

    <CO_REPRESENTATIVES_RN>
        <TABLE_DESCRIPTION>Представляващи от заявленията/уведомленията</TABLE_DESCRIPTION>
        <TABLE_ROW>
            <ID>
                <COLUMN_DESCRIPTION></COLUMN_DESCRIPTION>
                <COLUMN_DATA_TYPE>NUMBER</COLUMN_DATA_TYPE>
                <COLUMN_VALUE>4084</COLUMN_VALUE>
            </ID>
            <FIRST_NAME>
                <COLUMN_DESCRIPTION>Име</COLUMN_DESCRIPTION>
                <COLUMN_DATA_TYPE>VARCHAR2</COLUMN_DATA_TYPE>
                <COLUMN_VALUE>Иван</COLUMN_VALUE>
            </FIRST_NAME>
            <SECOND_NAME>
                <COLUMN_DESCRIPTION>Презиме</COLUMN_DESCRIPTION>
                <COLUMN_DATA_TYPE>VARCHAR2</COLUMN_DATA_TYPE>
                <COLUMN_VALUE>Иванов</COLUMN_VALUE>
            </SECOND_NAME>
            <LAST_NAME>
                <COLUMN_DESCRIPTION>Фамилия</COLUMN_DESCRIPTION>
                <COLUMN_DATA_TYPE>VARCHAR2</COLUMN_DATA_TYPE>
                <COLUMN_VALUE>Трифонов</COLUMN_VALUE>
            </LAST_NAME>
            <EGN>
                <COLUMN_DESCRIPTION>ЕГН</COLUMN_DESCRIPTION>
                <COLUMN_DATA_TYPE>VARCHAR2</COLUMN_DATA_TYPE>
                <COLUMN_VALUE>6611220000</COLUMN_VALUE>
            </EGN>
            <JOB>
                <COLUMN_DESCRIPTION>Длъжност</COLUMN_DESCRIPTION>
                <COLUMN_DATA_TYPE>VARCHAR2</COLUMN_DATA_TYPE>
                <COLUMN_VALUE>Управител</COLUMN_VALUE>
            </JOB>
            <TEL_CODE>
                <COLUMN_DESCRIPTION>Тел. код</COLUMN_DESCRIPTION>
                <COLUMN_DATA_TYPE>VARCHAR2</COLUMN_DATA_TYPE>
                <COLUMN_VALUE>02</COLUMN_VALUE>
            </TEL_CODE>
            <TEL>
                <COLUMN_DESCRIPTION>Телефон</COLUMN_DESCRIPTION>
                <COLUMN_DATA_TYPE>VARCHAR2</COLUMN_DATA_TYPE>
                <COLUMN_VALUE>4564654-222</COLUMN_VALUE>
            </TEL>
            <FAX>
                <COLUMN_DESCRIPTION>Факс</COLUMN_DESCRIPTION>
                <COLUMN_DATA_TYPE>VARCHAR2</COLUMN_DATA_TYPE>
                <COLUMN_VALUE></COLUMN_VALUE>
            </FAX>
            <EMAIL>
                <COLUMN_DESCRIPTION>E-mail</COLUMN_DESCRIPTION>
                <COLUMN_DATA_TYPE>VARCHAR2</COLUMN_DATA_TYPE>
                <COLUMN_VALUE>itrifonov@company.com</COLUMN_VALUE>
            </EMAIL>
            <COMP_H_RN_ID>
                <COLUMN_DESCRIPTION>Предприятие</COLUMN_DESCRIPTION>
                <COLUMN_DATA_TYPE>NUMBER</COLUMN_DATA_TYPE>
                <COLUMN_VALUE>4268</COLUMN_VALUE>
            </COMP_H_RN_ID>
            <IDENTIFICATION_CARD>
                <COLUMN_DESCRIPTION>Лична карта №, изд.</COLUMN_DESCRIPTION>
                <COLUMN_DATA_TYPE>VARCHAR2</COLUMN_DATA_TYPE>
                <COLUMN_VALUE></COLUMN_VALUE>
            </IDENTIFICATION_CARD>
 

        </TABLE_ROW>
    </CO_REPRESENTATIVES_RN>

    <CO_REPRESENTATIVES_RN>
        <TABLE_DESCRIPTION>Представляващи от заявленията/уведомленията</TABLE_DESCRIPTION>
        <TABLE_ROW>
            <ID>
                <COLUMN_DESCRIPTION></COLUMN_DESCRIPTION>
                <COLUMN_DATA_TYPE>NUMBER</COLUMN_DATA_TYPE>
                <COLUMN_VALUE>4085</COLUMN_VALUE>
            </ID>
            <FIRST_NAME>
                <COLUMN_DESCRIPTION>Име</COLUMN_DESCRIPTION>
                <COLUMN_DATA_TYPE>VARCHAR2</COLUMN_DATA_TYPE>
                <COLUMN_VALUE>Димитър</COLUMN_VALUE>
            </FIRST_NAME>
            <SECOND_NAME>
                <COLUMN_DESCRIPTION>Презиме</COLUMN_DESCRIPTION>
                <COLUMN_DATA_TYPE>VARCHAR2</COLUMN_DATA_TYPE>
                <COLUMN_VALUE>Димитров</COLUMN_VALUE>
            </SECOND_NAME>
            <LAST_NAME>
                <COLUMN_DESCRIPTION>Фамилия</COLUMN_DESCRIPTION>
                <COLUMN_DATA_TYPE>VARCHAR2</COLUMN_DATA_TYPE>
                <COLUMN_VALUE>Димитров</COLUMN_VALUE>
            </LAST_NAME>
            <EGN>
                <COLUMN_DESCRIPTION>ЕГН</COLUMN_DESCRIPTION>
                <COLUMN_DATA_TYPE>VARCHAR2</COLUMN_DATA_TYPE>
                <COLUMN_VALUE>5511220000</COLUMN_VALUE>
            </EGN>
            <JOB>
                <COLUMN_DESCRIPTION>Длъжност</COLUMN_DESCRIPTION>
                <COLUMN_DATA_TYPE>VARCHAR2</COLUMN_DATA_TYPE>
                <COLUMN_VALUE>Директор</COLUMN_VALUE>
            </JOB>
            <TEL_CODE>
                <COLUMN_DESCRIPTION>Тел. код</COLUMN_DESCRIPTION>
                <COLUMN_DATA_TYPE>VARCHAR2</COLUMN_DATA_TYPE>
                <COLUMN_VALUE>02</COLUMN_VALUE>
            </TEL_CODE>
            <TEL>
                <COLUMN_DESCRIPTION>Телефон</COLUMN_DESCRIPTION>
                <COLUMN_DATA_TYPE>VARCHAR2</COLUMN_DATA_TYPE>
                <COLUMN_VALUE>4564654</COLUMN_VALUE>
            </TEL>
            <FAX>
                <COLUMN_DESCRIPTION>Факс</COLUMN_DESCRIPTION>
                <COLUMN_DATA_TYPE>VARCHAR2</COLUMN_DATA_TYPE>
                <COLUMN_VALUE></COLUMN_VALUE>
            </FAX>
            <EMAIL>
                <COLUMN_DESCRIPTION>E-mail</COLUMN_DESCRIPTION>
                <COLUMN_DATA_TYPE>VARCHAR2</COLUMN_DATA_TYPE>
                <COLUMN_VALUE>ut@company.com</COLUMN_VALUE>
            </EMAIL>
            <COMP_H_RN_ID>
                <COLUMN_DESCRIPTION>Предприятие</COLUMN_DESCRIPTION>
                <COLUMN_DATA_TYPE>NUMBER</COLUMN_DATA_TYPE>
                <COLUMN_VALUE>4268</COLUMN_VALUE>
            </COMP_H_RN_ID>
            <IDENTIFICATION_CARD>
                <COLUMN_DESCRIPTION>Лична карта №, изд.</COLUMN_DESCRIPTION>
                <COLUMN_DATA_TYPE>VARCHAR2</COLUMN_DATA_TYPE>
                <COLUMN_VALUE></COLUMN_VALUE>
            </IDENTIFICATION_CARD>
 

        </TABLE_ROW>
    </CO_REPRESENTATIVES_RN>

    <CO_REPRESENTATIVES_RN>
        <TABLE_DESCRIPTION>Представляващи от заявленията/уведомленията</TABLE_DESCRIPTION>
        <TABLE_ROW>
            <ID>
                <COLUMN_DESCRIPTION></COLUMN_DESCRIPTION>
                <COLUMN_DATA_TYPE>NUMBER</COLUMN_DATA_TYPE>
                <COLUMN_VALUE>4086</COLUMN_VALUE>
            </ID>
            <FIRST_NAME>
                <COLUMN_DESCRIPTION>Име</COLUMN_DESCRIPTION>
                <COLUMN_DATA_TYPE>VARCHAR2</COLUMN_DATA_TYPE>
                <COLUMN_VALUE>Иван</COLUMN_VALUE>
            </FIRST_NAME>
            <SECOND_NAME>
                <COLUMN_DESCRIPTION>Презиме</COLUMN_DESCRIPTION>
                <COLUMN_DATA_TYPE>VARCHAR2</COLUMN_DATA_TYPE>
                <COLUMN_VALUE></COLUMN_VALUE>
            </SECOND_NAME>
            <LAST_NAME>
                <COLUMN_DESCRIPTION>Фамилия</COLUMN_DESCRIPTION>
                <COLUMN_DATA_TYPE>VARCHAR2</COLUMN_DATA_TYPE>
                <COLUMN_VALUE></COLUMN_VALUE>
            </LAST_NAME>
            <EGN>
                <COLUMN_DESCRIPTION>ЕГН</COLUMN_DESCRIPTION>
                <COLUMN_DATA_TYPE>VARCHAR2</COLUMN_DATA_TYPE>
                <COLUMN_VALUE></COLUMN_VALUE>
            </EGN>
            <JOB>
                <COLUMN_DESCRIPTION>Длъжност</COLUMN_DESCRIPTION>
                <COLUMN_DATA_TYPE>VARCHAR2</COLUMN_DATA_TYPE>
                <COLUMN_VALUE></COLUMN_VALUE>
            </JOB>
            <TEL_CODE>
                <COLUMN_DESCRIPTION>Тел. код</COLUMN_DESCRIPTION>
                <COLUMN_DATA_TYPE>VARCHAR2</COLUMN_DATA_TYPE>
                <COLUMN_VALUE></COLUMN_VALUE>
            </TEL_CODE>
            <TEL>
                <COLUMN_DESCRIPTION>Телефон</COLUMN_DESCRIPTION>
                <COLUMN_DATA_TYPE>VARCHAR2</COLUMN_DATA_TYPE>
                <COLUMN_VALUE></COLUMN_VALUE>
            </TEL>
            <FAX>
                <COLUMN_DESCRIPTION>Факс</COLUMN_DESCRIPTION>
                <COLUMN_DATA_TYPE>VARCHAR2</COLUMN_DATA_TYPE>
                <COLUMN_VALUE></COLUMN_VALUE>
            </FAX>
            <EMAIL>
                <COLUMN_DESCRIPTION>E-mail</COLUMN_DESCRIPTION>
                <COLUMN_DATA_TYPE>VARCHAR2</COLUMN_DATA_TYPE>
                <COLUMN_VALUE></COLUMN_VALUE>
            </EMAIL>
            <COMP_H_RN_ID>
                <COLUMN_DESCRIPTION>Предприятие</COLUMN_DESCRIPTION>
                <COLUMN_DATA_TYPE>NUMBER</COLUMN_DATA_TYPE>
                <COLUMN_VALUE>4268</COLUMN_VALUE>
            </COMP_H_RN_ID>
            <IDENTIFICATION_CARD>
                <COLUMN_DESCRIPTION>Лична карта №, изд.</COLUMN_DESCRIPTION>
                <COLUMN_DATA_TYPE>VARCHAR2</COLUMN_DATA_TYPE>
                <COLUMN_VALUE></COLUMN_VALUE>
            </IDENTIFICATION_CARD>
 

        </TABLE_ROW>
    </CO_REPRESENTATIVES_RN>

    <CO_CONTACT_PERSONS_RN>
        <TABLE_DESCRIPTION>Лица за контакт от заявленията/уведомленията</TABLE_DESCRIPTION>
        <TABLE_ROW>
            <ID>
                <COLUMN_DESCRIPTION></COLUMN_DESCRIPTION>
                <COLUMN_DATA_TYPE>NUMBER</COLUMN_DATA_TYPE>
                <COLUMN_VALUE>3142</COLUMN_VALUE>
            </ID>
            <FIRST_NAME>
                <COLUMN_DESCRIPTION>Име</COLUMN_DESCRIPTION>
                <COLUMN_DATA_TYPE>VARCHAR2</COLUMN_DATA_TYPE>
                <COLUMN_VALUE>Петър</COLUMN_VALUE>
            </FIRST_NAME>
            <SECOND_NAME>
                <COLUMN_DESCRIPTION>Презиме</COLUMN_DESCRIPTION>
                <COLUMN_DATA_TYPE>VARCHAR2</COLUMN_DATA_TYPE>
                <COLUMN_VALUE></COLUMN_VALUE>
            </SECOND_NAME>
            <LAST_NAME>
                <COLUMN_DESCRIPTION>Фамилия</COLUMN_DESCRIPTION>
                <COLUMN_DATA_TYPE>VARCHAR2</COLUMN_DATA_TYPE>
                <COLUMN_VALUE></COLUMN_VALUE>
            </LAST_NAME>
            <EGN>
                <COLUMN_DESCRIPTION>ЕГН</COLUMN_DESCRIPTION>
                <COLUMN_DATA_TYPE>VARCHAR2</COLUMN_DATA_TYPE>
                <COLUMN_VALUE></COLUMN_VALUE>
            </EGN>
            <TEL_CODE>
                <COLUMN_DESCRIPTION>Тел. код</COLUMN_DESCRIPTION>
                <COLUMN_DATA_TYPE>VARCHAR2</COLUMN_DATA_TYPE>
                <COLUMN_VALUE></COLUMN_VALUE>
            </TEL_CODE>
            <TEL>
                <COLUMN_DESCRIPTION>Телефон</COLUMN_DESCRIPTION>
                <COLUMN_DATA_TYPE>VARCHAR2</COLUMN_DATA_TYPE>
                <COLUMN_VALUE></COLUMN_VALUE>
            </TEL>
            <FAX>
                <COLUMN_DESCRIPTION>Факс</COLUMN_DESCRIPTION>
                <COLUMN_DATA_TYPE>VARCHAR2</COLUMN_DATA_TYPE>
                <COLUMN_VALUE></COLUMN_VALUE>
            </FAX>
            <EMAIL>
                <COLUMN_DESCRIPTION>E-mail</COLUMN_DESCRIPTION>
                <COLUMN_DATA_TYPE>VARCHAR2</COLUMN_DATA_TYPE>
                <COLUMN_VALUE></COLUMN_VALUE>
            </EMAIL>
            <ADDRESS>
                <COLUMN_DESCRIPTION>Адрес</COLUMN_DESCRIPTION>
                <COLUMN_DATA_TYPE>VARCHAR2</COLUMN_DATA_TYPE>
                <COLUMN_VALUE>ж</COLUMN_VALUE>
            </ADDRESS>
            <CITY_ID>
                <COLUMN_DESCRIPTION>Населено място</COLUMN_DESCRIPTION>
                <COLUMN_DATA_TYPE>NUMBER</COLUMN_DATA_TYPE>
                <COLUMN_VALUE>5</COLUMN_VALUE>
            </CITY_ID>
            <COMP_H_RN_ID>
                <COLUMN_DESCRIPTION>Предприятие</COLUMN_DESCRIPTION>
                <COLUMN_DATA_TYPE>NUMBER</COLUMN_DATA_TYPE>
                <COLUMN_VALUE>4268</COLUMN_VALUE>
            </COMP_H_RN_ID>
            <IDENTIFICATION_CARD>
                <COLUMN_DESCRIPTION>Лична карта №, изд.</COLUMN_DESCRIPTION>
                <COLUMN_DATA_TYPE>VARCHAR2</COLUMN_DATA_TYPE>
                <COLUMN_VALUE></COLUMN_VALUE>
            </IDENTIFICATION_CARD>
            <POST_CODE>
                <COLUMN_DESCRIPTION>Пощенски код</COLUMN_DESCRIPTION>
                <COLUMN_DATA_TYPE>VARCHAR2</COLUMN_DATA_TYPE>
                <COLUMN_VALUE></COLUMN_VALUE>
            </POST_CODE>
 

        </TABLE_ROW>
    </CO_CONTACT_PERSONS_RN>
</ROWSET>